P07607_CHEMBL3160	CHEMBL917	1
Q99028_CHEMBL2176837	CHEMBL141858	0
P07607_CHEMBL3160	CHEMBL71035	0
Q15910_CHEMBL2189110	CHEMBL3605459	0
Q15910_CHEMBL2189110	CHEMBL3605453	1
P10938_CHEMBL2331	CHEMBL278921	0
Q99873_CHEMBL5524	CHEMBL1088868	0
P10938_CHEMBL2331	CHEMBL30294	0
P07607_CHEMBL3160	CHEMBL265510	1
Q9WVM4_CHEMBL2298	CHEMBL23090	0
P11086_CHEMBL4617	CHEMBL41647	1
P07607_CHEMBL3160	CHEMBL1161224	0
P10938_CHEMBL2331	CHEMBL293700	0
P07607_CHEMBL3160	CHEMBL3143138	0
P22734_CHEMBL2372	CHEMBL166486	1
P16455_CHEMBL2864	CHEMBL434225	0
P07607_CHEMBL3160	CHEMBL1161226	0
Q99873_CHEMBL5524	CHEMBL441718	0
P00480_CHEMBL2222	CHEMBL1160572	0
P07607_CHEMBL3160	CHEMBL265098	1
P07607_CHEMBL3160	CHEMBL102954	0
P07607_CHEMBL3160	CHEMBL139551	0
P07607_CHEMBL3160	CHEMBL3143160	1
Q8WTS6_CHEMBL5523	CHEMBL3238424	0
O60725_CHEMBL4699	CHEMBL1257979	0
P07607_CHEMBL3160	CHEMBL6639	0
P22734_CHEMBL2372	CHEMBL355017	1
P10938_CHEMBL2331	CHEMBL294562	0
P07607_CHEMBL3160	CHEMBL3144190	0
P26358_CHEMBL1993	CHEMBL555257	0
Q15047_CHEMBL2321646	CHEMBL418052	0
P26358_CHEMBL1993	CHEMBL560505	0
P07607_CHEMBL3160	CHEMBL264609	1
P07607_CHEMBL3160	CHEMBL338429	1
Q9H7B4_CHEMBL2321643	CHEMBL3798468	1
P00480_CHEMBL2222	CHEMBL1160567	0
P10938_CHEMBL2331	CHEMBL2093025	0
P10938_CHEMBL2331	CHEMBL95450	0
Q9H7B4_CHEMBL2321643	CHEMBL3797524	1
Q9NR22_CHEMBL3108648	CHEMBL3780444	0
Q96LA8_CHEMBL1275221	CHEMBL3402235	0
Q9NR22_CHEMBL3108648	CHEMBL3780926	0
P11086_CHEMBL4617	CHEMBL290890	1
P11086_CHEMBL4617	CHEMBL165132	0
P16455_CHEMBL2864	CHEMBL337713	0
P10938_CHEMBL2331	CHEMBL278693	0
P22734_CHEMBL2372	CHEMBL168389	1
P10938_CHEMBL2331	CHEMBL293023	0
Q96LA8_CHEMBL1275221	CHEMBL4094513	1
P10938_CHEMBL2331	CHEMBL275390	0
P40261_CHEMBL2346486	CHEMBL4218848	0
P11086_CHEMBL4617	CHEMBL178695	0
P07607_CHEMBL3160	CHEMBL420280	1
P10938_CHEMBL2331	CHEMBL135908	0
P11086_CHEMBL4617	CHEMBL275595	1
P07607_CHEMBL3160	CHEMBL72049	0
P10938_CHEMBL2331	CHEMBL46439	0
O60725_CHEMBL4699	CHEMBL4459845	0
Q8TEK3_CHEMBL1795117	CHEMBL4074436	0
P07607_CHEMBL3160	CHEMBL92599	0
P10938_CHEMBL2331	CHEMBL60724	0
P21964_CHEMBL2023	CHEMBL4169861	1
P21964_CHEMBL2023	CHEMBL4170443	1
P21964_CHEMBL2023	CHEMBL4174978	1
P21964_CHEMBL2023	CHEMBL4160303	1
P21964_CHEMBL2023	CHEMBL4162990	1
O96028_CHEMBL3108645	CHEMBL1736964	0
O96028_CHEMBL3108645	CHEMBL1458891	0
O96028_CHEMBL3108645	CHEMBL1556805	0
O96028_CHEMBL3108645	CHEMBL58	0
O96028_CHEMBL3108645	CHEMBL1543835	0
O96028_CHEMBL3108645	CHEMBL1528308	0
O96028_CHEMBL3108645	CHEMBL1604719	0
O96028_CHEMBL3108645	CHEMBL1866533	0
O96028_CHEMBL3108645	CHEMBL1310120	0
O96028_CHEMBL3108645	CHEMBL1982305	0
O96028_CHEMBL3108645	CHEMBL1902527	0
O96028_CHEMBL3108645	CHEMBL1734152	0
O96028_CHEMBL3108645	CHEMBL255881	0
O96028_CHEMBL3108645	CHEMBL1335833	0
O96028_CHEMBL3108645	CHEMBL1709883	0
O96028_CHEMBL3108645	CHEMBL1456904	0
O96028_CHEMBL3108645	CHEMBL3194941	0
O96028_CHEMBL3108645	CHEMBL1541973	0
O96028_CHEMBL3108645	CHEMBL272465	0
O96028_CHEMBL3108645	CHEMBL3193639	0
O96028_CHEMBL3108645	CHEMBL1387292	0
O96028_CHEMBL3108645	CHEMBL1393480	0
O96028_CHEMBL3108645	CHEMBL1609245	0
O96028_CHEMBL3108645	CHEMBL1700996	0
O96028_CHEMBL3108645	CHEMBL1896348	0
O96028_CHEMBL3108645	CHEMBL1459294	0
P26358_CHEMBL1993	CHEMBL552309	0
P10938_CHEMBL2331	CHEMBL273939	0
P07607_CHEMBL3160	CHEMBL264095	1
P13864_CHEMBL3351195	CHEMBL3358015	0
Q8TEK3_CHEMBL1795117	CHEMBL2171174	0
P26358_CHEMBL1993	CHEMBL563938	0
O60725_CHEMBL4699	CHEMBL240449	0
O60725_CHEMBL4699	CHEMBL240446	0
Q9WVG6_CHEMBL5538	CHEMBL1076431	0
P21964_CHEMBL2023	CHEMBL4461072	0
P21964_CHEMBL2023	CHEMBL4563060	1
Q86X55_CHEMBL5406	CHEMBL4099850	0
Q96LA8_CHEMBL1275221	CHEMBL4096482	0
Q96LA8_CHEMBL1275221	CHEMBL4062667	0
P21964_CHEMBL2023	CHEMBL1089539	1
P07607_CHEMBL3160	CHEMBL104267	0
P07607_CHEMBL3160	CHEMBL42626	0
Q96LA8_CHEMBL1275221	CHEMBL4461242	0
P07607_CHEMBL3160	CHEMBL886	1
P11086_CHEMBL4617	CHEMBL14346	0
P40261_CHEMBL2346486	CHEMBL2349526	0
P16455_CHEMBL2864	CHEMBL325053	0
P07607_CHEMBL3160	CHEMBL96367	1
Q99873_CHEMBL5524	CHEMBL3589041	0
Q9NR22_CHEMBL3108648	CHEMBL3589038	1
Q9NR22_CHEMBL3108648	CHEMBL3589037	1
Q9NR22_CHEMBL3108648	CHEMBL3589028	1
O60678_CHEMBL5891	CHEMBL2325191	0
P10938_CHEMBL2331	CHEMBL138793	0
P40261_CHEMBL2346486	CHEMBL4206972	0
P10938_CHEMBL2331	CHEMBL444793	0
P16455_CHEMBL2864	CHEMBL150324	1
P16455_CHEMBL2864	CHEMBL150427	0
P07607_CHEMBL3160	CHEMBL1161231	0
P07607_CHEMBL3160	CHEMBL354121	0
O96028_CHEMBL3108645	CHEMBL1529471	0
O96028_CHEMBL3108645	CHEMBL1416601	0
P10938_CHEMBL2331	CHEMBL71964	0
O60725_CHEMBL4699	CHEMBL396652	0
P07607_CHEMBL3160	CHEMBL1791078	0
O96028_CHEMBL3108645	CHEMBL156174	0
O96028_CHEMBL3108645	CHEMBL1705326	0
O96028_CHEMBL3108645	CHEMBL1503182	0
O96028_CHEMBL3108645	CHEMBL1542748	0
O96028_CHEMBL3108645	CHEMBL3191689	0
O96028_CHEMBL3108645	CHEMBL483206	0
O96028_CHEMBL3108645	CHEMBL1407056	0
O96028_CHEMBL3108645	CHEMBL1478931	0
O96028_CHEMBL3108645	CHEMBL3191063	0
O96028_CHEMBL3108645	CHEMBL1885228	0
O96028_CHEMBL3108645	CHEMBL1468954	0
O96028_CHEMBL3108645	CHEMBL1434792	0
O96028_CHEMBL3108645	CHEMBL1582771	0
O96028_CHEMBL3108645	CHEMBL71466	0
O96028_CHEMBL3108645	CHEMBL1463626	0
O96028_CHEMBL3108645	CHEMBL1378300	0
P07607_CHEMBL3160	CHEMBL355712	0
P07607_CHEMBL3160	CHEMBL343140	0
P16455_CHEMBL2864	CHEMBL345550	1
P10938_CHEMBL2331	CHEMBL310736	0
P11086_CHEMBL4617	CHEMBL356439	1
O96028_CHEMBL3108645	CHEMBL1706454	0
O96028_CHEMBL3108645	CHEMBL3193053	0
Q15910_CHEMBL2189110	CHEMBL4081551	1
P07607_CHEMBL3160	CHEMBL102506	0
P10938_CHEMBL2331	CHEMBL19428	0
P07607_CHEMBL3160	CHEMBL105370	0
P16455_CHEMBL2864	CHEMBL336947	1
P07607_CHEMBL3160	CHEMBL420935	0
P07607_CHEMBL3160	CHEMBL353066	1
P11086_CHEMBL4617	CHEMBL149023	1
O60725_CHEMBL4699	CHEMBL241488	0
O60725_CHEMBL4699	CHEMBL241263	0
P11086_CHEMBL4617	CHEMBL253860	0
P11086_CHEMBL4617	CHEMBL281864	1
P07607_CHEMBL3160	CHEMBL267832	1
O60725_CHEMBL4699	CHEMBL1257624	0
P07607_CHEMBL3160	CHEMBL422395	1
P11086_CHEMBL4617	CHEMBL26828	0
P16455_CHEMBL2864	CHEMBL439608	0
P22734_CHEMBL2372	CHEMBL225164	0
P21964_CHEMBL2023	CHEMBL2407598	0
P22734_CHEMBL2372	CHEMBL223448	0
P22734_CHEMBL2372	CHEMBL1788402	0
P10938_CHEMBL2331	CHEMBL118420	0
P07607_CHEMBL3160	CHEMBL141857	0
P07607_CHEMBL3160	CHEMBL1762220	0
P07607_CHEMBL3160	CHEMBL1762230	0
P11086_CHEMBL4617	CHEMBL175527	0
P10938_CHEMBL2331	CHEMBL342625	0
Q99873_CHEMBL5524	CHEMBL1797448	0
P07607_CHEMBL3160	CHEMBL71952	0
P10938_CHEMBL2331	CHEMBL290010	0
P40261_CHEMBL2346486	CHEMBL4240644	0
P40261_CHEMBL2346486	CHEMBL4243545	0
P11086_CHEMBL4617	CHEMBL208180	0
Q99028_CHEMBL2176837	CHEMBL89320	0
Q01984_CHEMBL3241	CHEMBL14860	0
P22734_CHEMBL2372	CHEMBL169208	0
P07607_CHEMBL3160	CHEMBL96086	0
P16455_CHEMBL2864	CHEMBL151579	1
P16455_CHEMBL2864	CHEMBL146977	0
Q99873_CHEMBL5524	CHEMBL1088977	0
P22734_CHEMBL2372	CHEMBL953	1
P07607_CHEMBL3160	CHEMBL1161232	0
P16455_CHEMBL2864	CHEMBL356396	0
P10938_CHEMBL2331	CHEMBL6409	0
P07607_CHEMBL3160	CHEMBL269342	0
P07607_CHEMBL3160	CHEMBL112128	0
Q86X55_CHEMBL5406	CHEMBL3952337	1
Q96LA8_CHEMBL1275221	CHEMBL3889478	1
P16455_CHEMBL2864	CHEMBL150918	1
P22734_CHEMBL2372	CHEMBL1324	1
P10938_CHEMBL2331	CHEMBL303481	0
O60725_CHEMBL4699	CHEMBL2035530	0
O60725_CHEMBL4699	CHEMBL3822531	0
P07607_CHEMBL3160	CHEMBL279508	0
P10938_CHEMBL2331	CHEMBL137286	0
P07607_CHEMBL3160	CHEMBL266956	1
P10938_CHEMBL2331	CHEMBL121570	0
P10938_CHEMBL2331	CHEMBL61489	0
P07607_CHEMBL3160	CHEMBL169981	1
P16455_CHEMBL2864	CHEMBL358907	0
P11086_CHEMBL4617	CHEMBL426128	0
P11086_CHEMBL4617	CHEMBL439320	0
P10938_CHEMBL2331	CHEMBL112357	0
P11086_CHEMBL4617	CHEMBL370794	0
P11086_CHEMBL4617	CHEMBL176112	1
O60725_CHEMBL4699	CHEMBL394962	0
O60725_CHEMBL4699	CHEMBL451495	0
P11086_CHEMBL4617	CHEMBL289520	0
P10938_CHEMBL2331	CHEMBL38681	0
O96028_CHEMBL3108645	CHEMBL3196591	0
O96028_CHEMBL3108645	CHEMBL1340288	0
P21964_CHEMBL2023	CHEMBL3425742	0
P26358_CHEMBL1993	CHEMBL560045	0
O60678_CHEMBL5891	CHEMBL2325166	0
P10938_CHEMBL2331	CHEMBL39125	0
Q86X55_CHEMBL5406	CHEMBL4097560	0
Q15910_CHEMBL2189110	CHEMBL4072040	1
Q15910_CHEMBL2189110	CHEMBL4067961	1
Q15910_CHEMBL2189110	CHEMBL4094432	1
Q15910_CHEMBL2189110	CHEMBL4069930	0
P07607_CHEMBL3160	CHEMBL60700	1
P40261_CHEMBL2346486	CHEMBL4240740	0
P07607_CHEMBL3160	CHEMBL225071	0
O60725_CHEMBL4699	CHEMBL1771306	0
Q86X55_CHEMBL5406	CHEMBL476087	0
P07607_CHEMBL3160	CHEMBL39674	1
O96028_CHEMBL3108645	CHEMBL1460875	0
O96028_CHEMBL3108645	CHEMBL1571625	0
O96028_CHEMBL3108645	CHEMBL1378605	0
O96028_CHEMBL3108645	CHEMBL1469728	0
O96028_CHEMBL3108645	CHEMBL1734083	0
O96028_CHEMBL3108645	CHEMBL1432707	0
O96028_CHEMBL3108645	CHEMBL1707222	0
O96028_CHEMBL3108645	CHEMBL1970944	0
O96028_CHEMBL3108645	CHEMBL1355280	0
O96028_CHEMBL3108645	CHEMBL1599965	0
O96028_CHEMBL3108645	CHEMBL284328	0
O96028_CHEMBL3108645	CHEMBL1504738	0
O96028_CHEMBL3108645	CHEMBL1574857	0
O96028_CHEMBL3108645	CHEMBL1460809	0
O96028_CHEMBL3108645	CHEMBL1585740	0
O96028_CHEMBL3108645	CHEMBL1575869	0
O96028_CHEMBL3108645	CHEMBL1493011	0
O96028_CHEMBL3108645	CHEMBL1464110	0
Q15910_CHEMBL2189110	CHEMBL3605455	1
Q15910_CHEMBL2189110	CHEMBL3605448	1
P07607_CHEMBL3160	CHEMBL319914	0
P07607_CHEMBL3160	CHEMBL1160594	0
P16455_CHEMBL2864	CHEMBL358460	0
P16455_CHEMBL2864	CHEMBL149722	1
P07607_CHEMBL3160	CHEMBL44037	0
P10938_CHEMBL2331	CHEMBL112964	0
P11086_CHEMBL4617	CHEMBL186895	0
P22734_CHEMBL2372	CHEMBL1089318	1
P16455_CHEMBL2864	CHEMBL151784	0
P07607_CHEMBL3160	CHEMBL123446	0
P10938_CHEMBL2331	CHEMBL36909	0
P10938_CHEMBL2331	CHEMBL35982	0
P21964_CHEMBL2023	CHEMBL4567049	0
P11086_CHEMBL4617	CHEMBL243176	0
P10938_CHEMBL2331	CHEMBL281289	0
P21964_CHEMBL2023	CHEMBL3425740	1
P21964_CHEMBL2023	CHEMBL326815	0
P11086_CHEMBL4617	CHEMBL149816	1
P16455_CHEMBL2864	CHEMBL407874	1
P07607_CHEMBL3160	CHEMBL434602	1
P22734_CHEMBL2372	CHEMBL4447349	1
P07607_CHEMBL3160	CHEMBL1161225	0
P07607_CHEMBL3160	CHEMBL1160593	0
P26358_CHEMBL1993	CHEMBL4210955	0
P26358_CHEMBL1993	CHEMBL4208010	1
P40261_CHEMBL2346486	CHEMBL4217817	0
P07607_CHEMBL3160	CHEMBL104851	0
P07607_CHEMBL3160	CHEMBL34857	1
O60725_CHEMBL4699	CHEMBL240632	0
O60678_CHEMBL5891	CHEMBL4104833	0
P22734_CHEMBL2372	CHEMBL168276	1
Q99873_CHEMBL5524	CHEMBL3633189	0
Q99873_CHEMBL5524	CHEMBL3633186	0
P10938_CHEMBL2331	CHEMBL26717	0
Q15910_CHEMBL2189110	CHEMBL3397329	0
P10938_CHEMBL2331	CHEMBL350036	0
O43463_CHEMBL1795118	CHEMBL331627	0
P11086_CHEMBL4617	CHEMBL184931	0
P10938_CHEMBL2331	CHEMBL27954	0
Q9HBK9_CHEMBL4295950	CHEMBL4280063	0
Q99873_CHEMBL5524	CHEMBL1271164	0
P11086_CHEMBL4617	CHEMBL147230	0
P22734_CHEMBL2372	CHEMBL197115	0
P10938_CHEMBL2331	CHEMBL39493	0
P07607_CHEMBL3160	CHEMBL74059	0
P07607_CHEMBL3160	CHEMBL171790	0
P21964_CHEMBL2023	CHEMBL3797723	0
P22734_CHEMBL2372	CHEMBL160038	0
Q99873_CHEMBL5524	CHEMBL265502	0
P11086_CHEMBL4617	CHEMBL342322	0
P11086_CHEMBL4617	CHEMBL224618	0
Q99873_CHEMBL5524	CHEMBL227298	0
O60725_CHEMBL4699	CHEMBL239575	0
O60725_CHEMBL4699	CHEMBL377630	0
P11086_CHEMBL4617	CHEMBL212026	0
Q99873_CHEMBL5524	CHEMBL3590417	1
Q96LA8_CHEMBL1275221	CHEMBL3589027	1
Q96LA8_CHEMBL1275221	CHEMBL3589034	1
P07607_CHEMBL3160	CHEMBL159593	1
P07607_CHEMBL3160	CHEMBL58548	1
P16455_CHEMBL2864	CHEMBL270483	0
P07607_CHEMBL3160	CHEMBL40739	0
P11086_CHEMBL4617	CHEMBL95873	0
P07607_CHEMBL3160	CHEMBL316019	0
P10938_CHEMBL2331	CHEMBL43021	0
Q15910_CHEMBL2189110	CHEMBL3769631	0
Q15910_CHEMBL2189110	CHEMBL3770973	1
Q15910_CHEMBL2189110	CHEMBL3360855	1
P10938_CHEMBL2331	CHEMBL112038	0
P26358_CHEMBL1993	CHEMBL2171169	1
Q99028_CHEMBL2176837	CHEMBL142876	0
Q99873_CHEMBL5524	CHEMBL2047485	0
P10938_CHEMBL2331	CHEMBL118310	0
Q01984_CHEMBL3241	CHEMBL14740	1
P26358_CHEMBL1993	CHEMBL382617	0
P07607_CHEMBL3160	CHEMBL6715	1
Q8TEK3_CHEMBL1795117	CHEMBL2170984	0
Q96LA8_CHEMBL1275221	CHEMBL3781266	0
Q86X55_CHEMBL5406	CHEMBL3781841	0
Q96LA8_CHEMBL1275221	CHEMBL3781043	0
P11086_CHEMBL4617	CHEMBL208126	0
Q99873_CHEMBL5524	CHEMBL228132	0
Q99873_CHEMBL5524	CHEMBL142304	0
Q15910_CHEMBL2189110	CHEMBL3898133	0
Q15910_CHEMBL2189110	CHEMBL3901570	0
P10938_CHEMBL2331	CHEMBL342957	0
P07607_CHEMBL3160	CHEMBL92014	1
Q01984_CHEMBL3241	CHEMBL14595	0
P10938_CHEMBL2331	CHEMBL59994	0
P07607_CHEMBL3160	CHEMBL162297	0
P51580_CHEMBL2500	CHEMBL118280	0
P11086_CHEMBL4617	CHEMBL363484	0
P22734_CHEMBL2372	CHEMBL265218	1
Q86X55_CHEMBL5406	CHEMBL466638	0
Q15910_CHEMBL2189110	CHEMBL3941092	1
Q99873_CHEMBL5524	CHEMBL3099810	0
P07607_CHEMBL3160	CHEMBL434973	0
Q15910_CHEMBL2189110	CHEMBL3697425	0
Q15910_CHEMBL2189110	CHEMBL3701006	1
Q15910_CHEMBL2189110	CHEMBL3701014	1
Q15910_CHEMBL2189110	CHEMBL3701025	1
Q15910_CHEMBL2189110	CHEMBL3697443	1
Q15910_CHEMBL2189110	CHEMBL3983898	0
Q15910_CHEMBL2189110	CHEMBL3986389	0
Q96LA8_CHEMBL1275221	CHEMBL3779956	0
Q96LA8_CHEMBL1275221	CHEMBL3781561	0
P11086_CHEMBL4617	CHEMBL188716	0
P11086_CHEMBL4617	CHEMBL146188	1
P07607_CHEMBL3160	CHEMBL307914	0
P11086_CHEMBL4617	CHEMBL556970	1
Q9WVM4_CHEMBL2298	CHEMBL23289	0
Q8TEK3_CHEMBL1795117	CHEMBL4074998	0
Q86X55_CHEMBL5406	CHEMBL4084352	0
Q2TA32_CHEMBL3243905	CHEMBL3248468	0
P13864_CHEMBL3351195	CHEMBL3358027	0
Q9H7B4_CHEMBL2321643	CHEMBL4476167	1
O60725_CHEMBL4699	CHEMBL1946592	0
O60725_CHEMBL4699	CHEMBL1946591	0
Q8TEK3_CHEMBL1795117	CHEMBL2171180	0
P26358_CHEMBL1993	CHEMBL2063048	0
P26358_CHEMBL1993	CHEMBL4204482	0
P26358_CHEMBL1993	CHEMBL4203186	0
O96028_CHEMBL3108645	CHEMBL4295161	0
O96028_CHEMBL3108645	CHEMBL1561729	0
O96028_CHEMBL3108645	CHEMBL1721095	0
O96028_CHEMBL3108645	CHEMBL1381264	0
O96028_CHEMBL3108645	CHEMBL1872366	0
O96028_CHEMBL3108645	CHEMBL1993746	0
O96028_CHEMBL3108645	CHEMBL1532953	0
O96028_CHEMBL3108645	CHEMBL1501990	0
O96028_CHEMBL3108645	CHEMBL1271266	0
O96028_CHEMBL3108645	CHEMBL1475400	0
O96028_CHEMBL3108645	CHEMBL1448387	0
O96028_CHEMBL3108645	CHEMBL1530440	0
O96028_CHEMBL3108645	CHEMBL2000196	0
O96028_CHEMBL3108645	CHEMBL1875561	0
O96028_CHEMBL3108645	CHEMBL1569566	0
O96028_CHEMBL3108645	CHEMBL1430005	0
O96028_CHEMBL3108645	CHEMBL1606907	0
O96028_CHEMBL3108645	CHEMBL1403262	0
O96028_CHEMBL3108645	CHEMBL1342821	0
O96028_CHEMBL3108645	CHEMBL599924	1
O96028_CHEMBL3108645	CHEMBL1604189	0
O96028_CHEMBL3108645	CHEMBL1571704	0
O96028_CHEMBL3108645	CHEMBL1709354	0
O96028_CHEMBL3108645	CHEMBL1888528	0
O96028_CHEMBL3108645	CHEMBL3198784	0
O96028_CHEMBL3108645	CHEMBL66953	0
O96028_CHEMBL3108645	CHEMBL3198812	0
O96028_CHEMBL3108645	CHEMBL1370956	0
O96028_CHEMBL3108645	CHEMBL1708045	0
Q86X55_CHEMBL5406	CHEMBL1802462	0
Q96LA8_CHEMBL1275221	CHEMBL3972730	0
Q86X55_CHEMBL5406	CHEMBL3964631	0
Q96LA8_CHEMBL1275221	CHEMBL3936550	0
Q86X55_CHEMBL5406	CHEMBL1614812	1
Q86X55_CHEMBL5406	CHEMBL3911620	1
Q86X55_CHEMBL5406	CHEMBL3957029	1
Q86X55_CHEMBL5406	CHEMBL3960002	1
Q86X55_CHEMBL5406	CHEMBL3983725	1
Q86X55_CHEMBL5406	CHEMBL3906680	1
Q86X55_CHEMBL5406	CHEMBL3915667	1
Q15910_CHEMBL2189110	CHEMBL3946272	0
Q15910_CHEMBL2189110	CHEMBL3981606	1
Q15910_CHEMBL2189110	CHEMBL3967105	0
P10938_CHEMBL2331	CHEMBL342283	0
P21964_CHEMBL2023	CHEMBL3798286	0
Q8TEK3_CHEMBL1795117	CHEMBL3087502	1
Q8TEK3_CHEMBL1795117	CHEMBL2170989	0
P26358_CHEMBL1993	CHEMBL3126652	0
P10938_CHEMBL2331	CHEMBL26640	0
P16455_CHEMBL2864	CHEMBL336404	0
P10938_CHEMBL2331	CHEMBL278330	0
P07607_CHEMBL3160	CHEMBL305177	0
Q9WVM4_CHEMBL2298	CHEMBL538901	0
P07607_CHEMBL3160	CHEMBL70515	0
P16455_CHEMBL2864	CHEMBL405259	0
P10938_CHEMBL2331	CHEMBL288524	0
P11086_CHEMBL4617	CHEMBL212790	0
P10938_CHEMBL2331	CHEMBL144715	0
Q8TEK3_CHEMBL1795117	CHEMBL2171001	0
P16455_CHEMBL2864	CHEMBL333928	1
P07607_CHEMBL3160	CHEMBL102275	0
P22734_CHEMBL2372	CHEMBL198628	0
Q01984_CHEMBL3241	CHEMBL14364	0
P07607_CHEMBL3160	CHEMBL62672	0
P07607_CHEMBL3160	CHEMBL432828	0
P22734_CHEMBL2372	CHEMBL353983	0
P07607_CHEMBL3160	CHEMBL289749	1
Q99873_CHEMBL5524	CHEMBL221047	0
Q99873_CHEMBL5524	CHEMBL227988	0
Q99873_CHEMBL5524	CHEMBL227725	0
P10938_CHEMBL2331	CHEMBL28228	0
O60678_CHEMBL5891	CHEMBL2325189	0
P07607_CHEMBL3160	CHEMBL171480	0
P11086_CHEMBL4617	CHEMBL213339	0
Q86X55_CHEMBL5406	CHEMBL468502	0
Q86X55_CHEMBL5406	CHEMBL511213	0
Q86X55_CHEMBL5406	CHEMBL466637	0
Q15910_CHEMBL2189110	CHEMBL3605452	1
Q15910_CHEMBL2189110	CHEMBL3605451	0
P10938_CHEMBL2331	CHEMBL287360	0
Q15910_CHEMBL2189110	CHEMBL3605446	1
P07607_CHEMBL3160	CHEMBL339022	1
P07607_CHEMBL3160	CHEMBL104533	0
P07607_CHEMBL3160	CHEMBL68806	0
O96028_CHEMBL3108645	CHEMBL1535938	0
O96028_CHEMBL3108645	CHEMBL1413866	0
P10938_CHEMBL2331	CHEMBL27776	0
P51580_CHEMBL2500	CHEMBL89826	0
P10938_CHEMBL2331	CHEMBL308021	0
P07607_CHEMBL3160	CHEMBL1202140	1
O60725_CHEMBL4699	CHEMBL1946584	0
P21964_CHEMBL2023	CHEMBL1091981	1
P21964_CHEMBL2023	CHEMBL1091204	1
P07607_CHEMBL3160	CHEMBL69232	0
P07607_CHEMBL3160	CHEMBL77065	0
P22734_CHEMBL2372	CHEMBL350927	1
Q01984_CHEMBL3241	CHEMBL14868	1
P07607_CHEMBL3160	CHEMBL353302	1
P07607_CHEMBL3160	CHEMBL289697	0
P07607_CHEMBL3160	CHEMBL357672	1
P16455_CHEMBL2864	CHEMBL151785	0
P10938_CHEMBL2331	CHEMBL278410	0
O60678_CHEMBL5891	CHEMBL4077534	0
O60678_CHEMBL5891	CHEMBL4072005	0
P16455_CHEMBL2864	CHEMBL337677	1
P07607_CHEMBL3160	CHEMBL264097	0
P07607_CHEMBL3160	CHEMBL6498	0
O60725_CHEMBL4699	CHEMBL2376433	0
P07607_CHEMBL3160	CHEMBL62769	0
P11086_CHEMBL4617	CHEMBL165426	0
P10938_CHEMBL2331	CHEMBL26711	0
Q15910_CHEMBL2189110	CHEMBL3892623	0
P11086_CHEMBL4617	CHEMBL253010	0
P10938_CHEMBL2331	CHEMBL304872	0
P11086_CHEMBL4617	CHEMBL252808	0
P11086_CHEMBL4617	CHEMBL400515	0
P11086_CHEMBL4617	CHEMBL252806	0
Q15910_CHEMBL2189110	CHEMBL3909213	1
P07607_CHEMBL3160	CHEMBL37061	0
P22734_CHEMBL2372	CHEMBL167055	1
P07607_CHEMBL3160	CHEMBL80135	0
P10938_CHEMBL2331	CHEMBL99215	0
P11086_CHEMBL4617	CHEMBL380310	0
P11086_CHEMBL4617	CHEMBL207516	0
P11086_CHEMBL4617	CHEMBL182376	0
P16455_CHEMBL2864	CHEMBL342497	0
P16455_CHEMBL2864	CHEMBL131351	0
P07607_CHEMBL3160	CHEMBL42865	0
P07607_CHEMBL3160	CHEMBL1160818	0
P07607_CHEMBL3160	CHEMBL1161227	0
P07607_CHEMBL3160	CHEMBL268151	1
P10938_CHEMBL2331	CHEMBL95928	0
O60678_CHEMBL5891	CHEMBL2325183	0
O60678_CHEMBL5891	CHEMBL2325178	0
Q99873_CHEMBL5524	CHEMBL3109664	0
P07607_CHEMBL3160	CHEMBL1236538	0
Q99028_CHEMBL2176837	CHEMBL60350	0
Q8TEK3_CHEMBL1795117	CHEMBL4586619	1
Q99873_CHEMBL5524	CHEMBL1797446	0
Q99873_CHEMBL5524	CHEMBL1797453	0
O60725_CHEMBL4699	CHEMBL392348	0
O60725_CHEMBL4699	CHEMBL239367	0
Q15910_CHEMBL2189110	CHEMBL2204999	0
P21964_CHEMBL2023	CHEMBL4464343	1
P07607_CHEMBL3160	CHEMBL74180	0
Q15910_CHEMBL2189110	CHEMBL3414621	1
Q15910_CHEMBL2189110	CHEMBL3603857	0
P16455_CHEMBL2864	CHEMBL359048	0
Q15910_CHEMBL2189110	CHEMBL3605441	0
P11086_CHEMBL4617	CHEMBL213031	0
P11086_CHEMBL4617	CHEMBL206892	1
Q86X55_CHEMBL5406	CHEMBL572102	1
Q86X55_CHEMBL5406	CHEMBL572103	1
Q99873_CHEMBL5524	CHEMBL3347381	0
Q86X55_CHEMBL5406	CHEMBL517976	0
P10938_CHEMBL2331	CHEMBL59719	1
P11086_CHEMBL4617	CHEMBL200560	0
P11086_CHEMBL4617	CHEMBL196970	0
Q8WTS6_CHEMBL5523	CHEMBL3414622	1
P40261_CHEMBL2346486	CHEMBL4238535	0
P40261_CHEMBL2346486	CHEMBL4248337	0
P21964_CHEMBL2023	CHEMBL4458006	1
P21964_CHEMBL2023	CHEMBL3425743	0
P22734_CHEMBL2372	CHEMBL3425737	1
P21964_CHEMBL2023	CHEMBL3425726	0
P21964_CHEMBL2023	CHEMBL3425723	0
P22734_CHEMBL2372	CHEMBL3425739	1
Q8TEK3_CHEMBL1795117	CHEMBL472733	0
P21964_CHEMBL2023	CHEMBL3818350	0
P10938_CHEMBL2331	CHEMBL25316	0
P11086_CHEMBL4617	CHEMBL149535	1
P07607_CHEMBL3160	CHEMBL6829	0
P22734_CHEMBL2372	CHEMBL166908	0
Q9H7B4_CHEMBL2321643	CHEMBL4436720	1
Q9H7B4_CHEMBL2321643	CHEMBL4588080	0
Q9H7B4_CHEMBL2321643	CHEMBL4558640	1
Q9H7B4_CHEMBL2321643	CHEMBL4460507	1
P16455_CHEMBL2864	CHEMBL1683162	0
Q99873_CHEMBL5524	CHEMBL3109661	0
Q99707_CHEMBL2150844	CHEMBL2153704	0
Q8TEK3_CHEMBL1795117	CHEMBL2170997	1
Q8TEK3_CHEMBL1795117	CHEMBL2170988	0
P10938_CHEMBL2331	CHEMBL48888	0
Q15910_CHEMBL2189110	CHEMBL3771120	0
P22734_CHEMBL2372	CHEMBL169465	0
Q99873_CHEMBL5524	CHEMBL2047480	0
Q15910_CHEMBL2189110	CHEMBL3933289	1
Q15910_CHEMBL2189110	CHEMBL3925098	1
O60725_CHEMBL4699	CHEMBL1800422	0
O60725_CHEMBL4699	CHEMBL1800505	0
O60725_CHEMBL4699	CHEMBL1800520	0
P21964_CHEMBL2023	CHEMBL4458750	0
P16455_CHEMBL2864	CHEMBL147472	0
Q15910_CHEMBL2189110	CHEMBL4061098	1
P10938_CHEMBL2331	CHEMBL131412	0
P11086_CHEMBL4617	CHEMBL381297	1
Q86X55_CHEMBL5406	CHEMBL1802467	0
Q86X55_CHEMBL5406	CHEMBL1802465	0
O60725_CHEMBL4699	CHEMBL415084	0
O60725_CHEMBL4699	CHEMBL392967	0
O60725_CHEMBL4699	CHEMBL241490	0
O60725_CHEMBL4699	CHEMBL430184	0
O60725_CHEMBL4699	CHEMBL386982	0
P21964_CHEMBL2023	CHEMBL4438313	0
Q15910_CHEMBL2189110	CHEMBL3946376	1
Q9HBK9_CHEMBL4295950	CHEMBL4284586	0
P10938_CHEMBL2331	CHEMBL316704	0
P07607_CHEMBL3160	CHEMBL3143163	1
P10938_CHEMBL2331	CHEMBL28329	0
P07607_CHEMBL3160	CHEMBL160502	1
P11086_CHEMBL4617	CHEMBL280592	0
Q86X55_CHEMBL5406	CHEMBL468713	0
Q86X55_CHEMBL5406	CHEMBL468721	0
P51580_CHEMBL2500	CHEMBL415511	0
P07607_CHEMBL3160	CHEMBL36739	0
P07607_CHEMBL3160	CHEMBL305253	1
P07607_CHEMBL3160	CHEMBL35936	0
P11086_CHEMBL4617	CHEMBL333578	0
Q8WTS6_CHEMBL5523	CHEMBL3623592	0
Q01984_CHEMBL3241	CHEMBL14753	1
Q01984_CHEMBL3241	CHEMBL15153	1
P07607_CHEMBL3160	CHEMBL337914	1
P07607_CHEMBL3160	CHEMBL351599	0
P11086_CHEMBL4617	CHEMBL13165	0
P11086_CHEMBL4617	CHEMBL175935	0
Q86X55_CHEMBL5406	CHEMBL3938938	1
Q96LA8_CHEMBL1275221	CHEMBL3910681	0
Q96LA8_CHEMBL1275221	CHEMBL3930600	1
Q86X55_CHEMBL5406	CHEMBL3943629	1
Q86X55_CHEMBL5406	CHEMBL3928539	1
P26358_CHEMBL1993	CHEMBL552246	0
Q86X55_CHEMBL5406	CHEMBL512254	0
Q9H5I1_CHEMBL1795177	CHEMBL4548320	1
Q15910_CHEMBL2189110	CHEMBL3931287	1
Q15910_CHEMBL2189110	CHEMBL3946689	0
Q15910_CHEMBL2189110	CHEMBL3975514	0
Q15910_CHEMBL2189110	CHEMBL3949741	1
Q96LA8_CHEMBL1275221	CHEMBL4519457	0
Q86X55_CHEMBL5406	CHEMBL1802458	0
Q86X55_CHEMBL5406	CHEMBL1802461	0
O96028_CHEMBL3108645	CHEMBL1373655	0
O96028_CHEMBL3108645	CHEMBL1521514	0
O96028_CHEMBL3108645	CHEMBL607979	0
O96028_CHEMBL3108645	CHEMBL1510317	0
O96028_CHEMBL3108645	CHEMBL1335030	0
O96028_CHEMBL3108645	CHEMBL1321993	0
O96028_CHEMBL3108645	CHEMBL1548104	0
O96028_CHEMBL3108645	CHEMBL2134336	0
O96028_CHEMBL3108645	CHEMBL1327934	0
O96028_CHEMBL3108645	CHEMBL1489925	0
O96028_CHEMBL3108645	CHEMBL1389371	0
O60725_CHEMBL4699	CHEMBL1258659	0
O60725_CHEMBL4699	CHEMBL1257276	0
P26358_CHEMBL1993	CHEMBL4091463	0
Q8TEK3_CHEMBL1795117	CHEMBL4087730	1
Q8TEK3_CHEMBL1795117	CHEMBL4091413	0
P11086_CHEMBL4617	CHEMBL253218	0
P11086_CHEMBL4617	CHEMBL399179	0
Q15910_CHEMBL2189110	CHEMBL3984929	1
O60725_CHEMBL4699	CHEMBL1255906	0
P40261_CHEMBL2346486	CHEMBL4467665	0
Q9WVM4_CHEMBL2298	CHEMBL23751	0
P51580_CHEMBL2500	CHEMBL118903	0
P07607_CHEMBL3160	CHEMBL420204	0
Q15910_CHEMBL2189110	CHEMBL3918857	1
P10938_CHEMBL2331	CHEMBL276087	0
Q9WVG6_CHEMBL5538	CHEMBL1087878	0
Q9WVG6_CHEMBL5538	CHEMBL1080335	0
Q9WVG6_CHEMBL5538	CHEMBL1082203	0
P40261_CHEMBL2346486	CHEMBL4240266	0
P26358_CHEMBL1993	CHEMBL4202651	0
P26358_CHEMBL1993	CHEMBL4215862	1
O60725_CHEMBL4699	CHEMBL1946583	0
Q9WVM4_CHEMBL2298	CHEMBL23293	0
O60725_CHEMBL4699	CHEMBL1946588	0
Q86X55_CHEMBL5406	CHEMBL478195	0
Q9WVG6_CHEMBL5538	CHEMBL475503	1
P07607_CHEMBL3160	CHEMBL321977	1
P07607_CHEMBL3160	CHEMBL420279	0
P26358_CHEMBL1993	CHEMBL115145	0
Q01984_CHEMBL3241	CHEMBL274041	1
P22734_CHEMBL2372	CHEMBL169926	1
P07607_CHEMBL3160	CHEMBL299273	1
P11086_CHEMBL4617	CHEMBL59441	1
Q9WVG6_CHEMBL5538	CHEMBL1087540	0
P10938_CHEMBL2331	CHEMBL18594	0
Q99028_CHEMBL2176837	CHEMBL63052	0
P07607_CHEMBL3160	CHEMBL34259	0
P11086_CHEMBL4617	CHEMBL351394	0
P10938_CHEMBL2331	CHEMBL18718	0
Q86X55_CHEMBL5406	CHEMBL571431	1
Q99873_CHEMBL5524	CHEMBL1092740	0
Q9WVG6_CHEMBL5538	CHEMBL472087	0
O60678_CHEMBL5891	CHEMBL2325164	0
O60725_CHEMBL4699	CHEMBL1800519	0
O60725_CHEMBL4699	CHEMBL1800492	1
O60725_CHEMBL4699	CHEMBL2376427	0
Q99707_CHEMBL2150844	CHEMBL2153708	0
O60725_CHEMBL4699	CHEMBL1829501	0
O96028_CHEMBL3108645	CHEMBL1412423	0
O96028_CHEMBL3108645	CHEMBL1469091	0
O96028_CHEMBL3108645	CHEMBL1588052	0
O96028_CHEMBL3108645	CHEMBL3191670	0
O96028_CHEMBL3108645	CHEMBL1381627	0
O96028_CHEMBL3108645	CHEMBL1713955	0
O96028_CHEMBL3108645	CHEMBL205040	0
O96028_CHEMBL3108645	CHEMBL3189845	0
O96028_CHEMBL3108645	CHEMBL1381243	0
O96028_CHEMBL3108645	CHEMBL1712631	0
O96028_CHEMBL3108645	CHEMBL1404493	0
Q9WVG6_CHEMBL5538	CHEMBL1080460	0
Q9WVG6_CHEMBL5538	CHEMBL473693	0
O60678_CHEMBL5891	CHEMBL2325196	0
Q15910_CHEMBL2189110	CHEMBL3947760	0
Q15910_CHEMBL2189110	CHEMBL3938963	0
Q15910_CHEMBL2189110	CHEMBL3911017	1
Q86X55_CHEMBL5406	CHEMBL3890919	1
Q86X55_CHEMBL5406	CHEMBL3897536	0
Q86X55_CHEMBL5406	CHEMBL3901808	1
Q96LA8_CHEMBL1275221	CHEMBL3907621	0
Q99873_CHEMBL5524	CHEMBL2047478	0
P07607_CHEMBL3160	CHEMBL266066	0
P16455_CHEMBL2864	CHEMBL358146	0
P16455_CHEMBL2864	CHEMBL146768	1
P07607_CHEMBL3160	CHEMBL423270	0
P10938_CHEMBL2331	CHEMBL27599	0
P10938_CHEMBL2331	CHEMBL139791	0
P07607_CHEMBL3160	CHEMBL64215	0
P07607_CHEMBL3160	CHEMBL442217	0
P26358_CHEMBL1993	CHEMBL4174724	0
Q99873_CHEMBL5524	CHEMBL3109656	0
P07607_CHEMBL3160	CHEMBL120677	1
Q99028_CHEMBL2176837	CHEMBL334706	0
O60725_CHEMBL4699	CHEMBL240447	0
O60725_CHEMBL4699	CHEMBL240256	0
O60725_CHEMBL4699	CHEMBL241295	0
P21964_CHEMBL2023	CHEMBL4167128	1
Q8TEK3_CHEMBL1795117	CHEMBL2169918	0
P11086_CHEMBL4617	CHEMBL439864	0
P11086_CHEMBL4617	CHEMBL437699	0
P11086_CHEMBL4617	CHEMBL199008	0
O60678_CHEMBL5891	CHEMBL4095787	0
Q99873_CHEMBL5524	CHEMBL4068714	0
Q99873_CHEMBL5524	CHEMBL4075076	0
O60725_CHEMBL4699	CHEMBL393518	0
P11086_CHEMBL4617	CHEMBL366785	1
P10938_CHEMBL2331	CHEMBL27499	0
Q8TEK3_CHEMBL1795117	CHEMBL4099771	1
P07607_CHEMBL3160	CHEMBL307949	0
P22734_CHEMBL2372	CHEMBL1300410	0
P22734_CHEMBL2372	CHEMBL1487639	0
P22734_CHEMBL2372	CHEMBL353188	1
P10938_CHEMBL2331	CHEMBL357424	1
P11086_CHEMBL4617	CHEMBL399864	0
P11086_CHEMBL4617	CHEMBL253219	0
P11086_CHEMBL4617	CHEMBL399178	0
Q15910_CHEMBL2189110	CHEMBL3394230	1
Q15910_CHEMBL2189110	CHEMBL3394320	1
P11086_CHEMBL4617	CHEMBL1526	0
P10938_CHEMBL2331	CHEMBL26879	0
Q86X55_CHEMBL5406	CHEMBL3409558	0
Q99873_CHEMBL5524	CHEMBL3409555	0
P22734_CHEMBL2372	CHEMBL3425744	1
P21964_CHEMBL2023	CHEMBL3425725	0
P21964_CHEMBL2023	CHEMBL3425721	0
P21964_CHEMBL2023	CHEMBL3425741	0
P10938_CHEMBL2331	CHEMBL136361	0
P22734_CHEMBL2372	CHEMBL353012	1
P11086_CHEMBL4617	CHEMBL243834	0
P11086_CHEMBL4617	CHEMBL27664	0
P11086_CHEMBL4617	CHEMBL286497	1
Q86X55_CHEMBL5406	CHEMBL1802460	0
P07607_CHEMBL3160	CHEMBL70427	0
Q15910_CHEMBL2189110	CHEMBL4061411	0
Q15910_CHEMBL2189110	CHEMBL4070004	0
P07607_CHEMBL3160	CHEMBL269600	0
P51580_CHEMBL2500	CHEMBL327180	0
P11086_CHEMBL4617	CHEMBL267819	0
P11086_CHEMBL4617	CHEMBL207561	0
P11086_CHEMBL4617	CHEMBL426442	0
Q9WVG6_CHEMBL5538	CHEMBL1088567	0
O60725_CHEMBL4699	CHEMBL209435	0
O60725_CHEMBL4699	CHEMBL1800359	0
O60725_CHEMBL4699	CHEMBL1800416	0
O60725_CHEMBL4699	CHEMBL1800420	1
O60725_CHEMBL4699	CHEMBL1800521	0
O60725_CHEMBL4699	CHEMBL1800709	0
Q99873_CHEMBL5524	CHEMBL375405	0
P16455_CHEMBL2864	CHEMBL151495	1
P10938_CHEMBL2331	CHEMBL541538	1
Q9H7B4_CHEMBL2321643	CHEMBL4544590	1
Q9H7B4_CHEMBL2321643	CHEMBL4437408	1
P07607_CHEMBL3160	CHEMBL284613	1
Q99873_CHEMBL5524	CHEMBL177756	0
Q99873_CHEMBL5524	CHEMBL376503	0
Q99873_CHEMBL5524	CHEMBL220275	0
Q86X55_CHEMBL5406	CHEMBL476296	0
Q86X55_CHEMBL5406	CHEMBL476332	0
P11086_CHEMBL4617	CHEMBL185991	0
O60678_CHEMBL5891	CHEMBL2047477	0
O60678_CHEMBL5891	CHEMBL2325441	0
Q01984_CHEMBL3241	CHEMBL1795025	0
O96028_CHEMBL3108645	CHEMBL3197637	0
O96028_CHEMBL3108645	CHEMBL1445617	0
O96028_CHEMBL3108645	CHEMBL1605464	0
O96028_CHEMBL3108645	CHEMBL1592490	0
O96028_CHEMBL3108645	CHEMBL1422133	0
P10938_CHEMBL2331	CHEMBL1907935	0
P11086_CHEMBL4617	CHEMBL149022	0
P07607_CHEMBL3160	CHEMBL419092	0
P07607_CHEMBL3160	CHEMBL327692	0
P07607_CHEMBL3160	CHEMBL3144197	0
P22734_CHEMBL2372	CHEMBL169679	0
Q01984_CHEMBL3241	CHEMBL277988	0
P07607_CHEMBL3160	CHEMBL6496	0
P16455_CHEMBL2864	CHEMBL339133	1
P10938_CHEMBL2331	CHEMBL18481	0
P07607_CHEMBL3160	CHEMBL127333	1
Q9HBK9_CHEMBL4295950	CHEMBL3422654	0
P07607_CHEMBL3160	CHEMBL295866	0
P10938_CHEMBL2331	CHEMBL288525	0
O60725_CHEMBL4699	CHEMBL1771313	0
P16455_CHEMBL2864	CHEMBL146734	0
O96028_CHEMBL3108645	CHEMBL1550788	0
O96028_CHEMBL3108645	CHEMBL1565762	0
O96028_CHEMBL3108645	CHEMBL1429479	0
O96028_CHEMBL3108645	CHEMBL1457845	0
O96028_CHEMBL3108645	CHEMBL1463829	0
O96028_CHEMBL3108645	CHEMBL3197494	0
O96028_CHEMBL3108645	CHEMBL1309833	0
O96028_CHEMBL3108645	CHEMBL1423662	0
O96028_CHEMBL3108645	CHEMBL1482638	0
O96028_CHEMBL3108645	CHEMBL1404761	0
O96028_CHEMBL3108645	CHEMBL3183391	0
O96028_CHEMBL3108645	CHEMBL235504	0
O96028_CHEMBL3108645	CHEMBL1478755	0
O96028_CHEMBL3108645	CHEMBL1373577	0
P07607_CHEMBL3160	CHEMBL168952	1
O60725_CHEMBL4699	CHEMBL1257980	0
O60725_CHEMBL4699	CHEMBL1258438	0
O60725_CHEMBL4699	CHEMBL1258547	0
Q99028_CHEMBL2176837	CHEMBL357072	0
P07607_CHEMBL3160	CHEMBL291084	1
Q9H5I1_CHEMBL1795177	CHEMBL4532323	1
Q9H5I1_CHEMBL1795177	CHEMBL4537646	1
Q9H5I1_CHEMBL1795177	CHEMBL4515775	1
Q9H5I1_CHEMBL1795177	CHEMBL4532430	1
Q9H5I1_CHEMBL1795177	CHEMBL4568224	1
Q9H5I1_CHEMBL1795177	CHEMBL4547170	1
Q9H5I1_CHEMBL1795177	CHEMBL4539367	1
Q9H5I1_CHEMBL1795177	CHEMBL4570591	1
Q9H5I1_CHEMBL1795177	CHEMBL4555676	1
P07607_CHEMBL3160	CHEMBL127954	1
Q15910_CHEMBL2189110	CHEMBL4521826	0
Q15910_CHEMBL2189110	CHEMBL4554500	1
P16455_CHEMBL2864	CHEMBL270982	0
O60678_CHEMBL5891	CHEMBL2325190	0
P07607_CHEMBL3160	CHEMBL3248469	0
Q8TEK3_CHEMBL1795117	CHEMBL4228404	0
P07607_CHEMBL3160	CHEMBL266508	0
O60725_CHEMBL4699	CHEMBL1771299	0
P07607_CHEMBL3160	CHEMBL68969	0
Q9H7B4_CHEMBL2321643	CHEMBL3797749	1
P21964_CHEMBL2023	CHEMBL4446921	0
P21964_CHEMBL2023	CHEMBL4566961	0
P21964_CHEMBL2023	CHEMBL4462175	1
O60678_CHEMBL5891	CHEMBL4097411	0
O60678_CHEMBL5891	CHEMBL4071410	1
P10938_CHEMBL2331	CHEMBL95184	0
P22734_CHEMBL2372	CHEMBL352270	0
Q99873_CHEMBL5524	CHEMBL3633190	0
Q99873_CHEMBL5524	CHEMBL3633188	0
P21964_CHEMBL2023	CHEMBL3797305	0
P21964_CHEMBL2023	CHEMBL3797901	0
P22734_CHEMBL2372	CHEMBL3799623	1
P21964_CHEMBL2023	CHEMBL3797584	0
P22734_CHEMBL2372	CHEMBL3799913	1
P22734_CHEMBL2372	CHEMBL3798212	1
P07607_CHEMBL3160	CHEMBL235506	0
Q99707_CHEMBL2150844	CHEMBL2153706	0
Q99873_CHEMBL5524	CHEMBL3633187	0
O96028_CHEMBL3108645	CHEMBL505670	0
O96028_CHEMBL3108645	CHEMBL1300612	0
O96028_CHEMBL3108645	CHEMBL1564810	0
O96028_CHEMBL3108645	CHEMBL1562712	0
O96028_CHEMBL3108645	CHEMBL1380166	0
P11086_CHEMBL4617	CHEMBL398475	0
P11086_CHEMBL4617	CHEMBL253859	0
P10938_CHEMBL2331	CHEMBL27162	0
P11086_CHEMBL4617	CHEMBL200375	1
Q99873_CHEMBL5524	CHEMBL24057	0
Q15910_CHEMBL2189110	CHEMBL3397332	1
P07607_CHEMBL3160	CHEMBL329543	0
P10938_CHEMBL2331	CHEMBL318333	0
Q8WTS6_CHEMBL5523	CHEMBL4638301	0
Q8WTS6_CHEMBL5523	CHEMBL4633037	0
Q8WTS6_CHEMBL5523	CHEMBL4640116	0
P51580_CHEMBL2500	CHEMBL118239	0
P07607_CHEMBL3160	CHEMBL159642	0
Q15910_CHEMBL2189110	CHEMBL2204996	0
Q9EST2_CHEMBL4485	CHEMBL3272448	0
P16455_CHEMBL2864	CHEMBL2171202	1
P10938_CHEMBL2331	CHEMBL343389	0
P21964_CHEMBL2023	CHEMBL310555	0
Q15910_CHEMBL2189110	CHEMBL3605442	1
P26358_CHEMBL1993	CHEMBL4208812	0
Q8TEK3_CHEMBL1795117	CHEMBL4591476	0
Q8TEK3_CHEMBL1795117	CHEMBL4574642	0
P07607_CHEMBL3160	CHEMBL304407	0
O88587_CHEMBL3286068	CHEMBL3289430	0
P26358_CHEMBL1993	CHEMBL3126648	0
Q01984_CHEMBL3241	CHEMBL39603	0
Q15910_CHEMBL2189110	CHEMBL4561884	0
Q15910_CHEMBL2189110	CHEMBL4527307	0
Q8TEK3_CHEMBL1795117	CHEMBL3087503	1
P07607_CHEMBL3160	CHEMBL338598	1
P21964_CHEMBL2023	CHEMBL4176890	1
P21964_CHEMBL2023	CHEMBL4177089	1
P07607_CHEMBL3160	CHEMBL161641	1
P10938_CHEMBL2331	CHEMBL286495	0
Q01984_CHEMBL3241	CHEMBL95	0
P07607_CHEMBL3160	CHEMBL444797	1
P07607_CHEMBL3160	CHEMBL302669	0
Q01984_CHEMBL3241	CHEMBL280011	0
Q01984_CHEMBL3241	CHEMBL14587	0
O60678_CHEMBL5891	CHEMBL4082359	1
O60725_CHEMBL4699	CHEMBL1258096	0
O60725_CHEMBL4699	CHEMBL1257397	0
O60725_CHEMBL4699	CHEMBL1257981	0
P07607_CHEMBL3160	CHEMBL92246	0
P11086_CHEMBL4617	CHEMBL185233	0
P07607_CHEMBL3160	CHEMBL309008	0
Q99873_CHEMBL5524	CHEMBL1795366	0
P26358_CHEMBL1993	CHEMBL559281	0
O60725_CHEMBL4699	CHEMBL238966	0
O60725_CHEMBL4699	CHEMBL1258894	0
O60725_CHEMBL4699	CHEMBL1829491	0
P10938_CHEMBL2331	CHEMBL11862	0
P40261_CHEMBL2346486	CHEMBL4445337	1
O96028_CHEMBL3108645	CHEMBL3422652	0
Q99873_CHEMBL5524	CHEMBL4518534	1
Q9H7B4_CHEMBL2321643	CHEMBL4584168	0
Q9H7B4_CHEMBL2321643	CHEMBL4450161	0
P40261_CHEMBL2346486	CHEMBL4470754	0
Q01984_CHEMBL3241	CHEMBL14498	0
P11086_CHEMBL4617	CHEMBL177101	1
P11086_CHEMBL4617	CHEMBL361203	1
P07607_CHEMBL3160	CHEMBL169376	0
P07607_CHEMBL3160	CHEMBL62675	0
P07607_CHEMBL3160	CHEMBL70995	0
P07607_CHEMBL3160	CHEMBL74064	0
Q99873_CHEMBL5524	CHEMBL1797447	0
P07607_CHEMBL3160	CHEMBL104846	0
P07607_CHEMBL3160	CHEMBL94195	0
P22734_CHEMBL2372	CHEMBL168451	0
P51580_CHEMBL2500	CHEMBL90106	0
P26358_CHEMBL1993	CHEMBL4099197	0
P21964_CHEMBL2023	CHEMBL3954860	0
Q9H5I1_CHEMBL1795177	CHEMBL4590756	1
P10938_CHEMBL2331	CHEMBL1204148	0
Q63009_CHEMBL1275220	CHEMBL4079756	0
Q63009_CHEMBL1275220	CHEMBL4087631	0
P10938_CHEMBL2331	CHEMBL333343	0
P07607_CHEMBL3160	CHEMBL103105	1
Q99873_CHEMBL5524	CHEMBL2171189	0
Q99873_CHEMBL5524	CHEMBL2171190	0
Q8TEK3_CHEMBL1795117	CHEMBL4228634	0
P26358_CHEMBL1993	CHEMBL4205107	0
P16455_CHEMBL2864	CHEMBL334050	0
P11086_CHEMBL4617	CHEMBL207562	0
P11086_CHEMBL4617	CHEMBL207917	0
Q8TEK3_CHEMBL1795117	CHEMBL2170986	0
P16455_CHEMBL2864	CHEMBL146769	1
Q9WVG6_CHEMBL5538	CHEMBL1087877	0
P10938_CHEMBL2331	CHEMBL28390	0
P10938_CHEMBL2331	CHEMBL95456	0
P07607_CHEMBL3160	CHEMBL3143111	0
P22061_CHEMBL4240	CHEMBL2093043	0
P26358_CHEMBL1993	CHEMBL383475	0
P26358_CHEMBL1993	CHEMBL4649221	0
P07607_CHEMBL3160	CHEMBL160498	1
P11086_CHEMBL4617	CHEMBL351378	0
O60725_CHEMBL4699	CHEMBL392966	0
P11086_CHEMBL4617	CHEMBL390453	0
P07607_CHEMBL3160	CHEMBL293442	0
Q99028_CHEMBL2176837	CHEMBL64275	0
O60725_CHEMBL4699	CHEMBL398576	0
O60725_CHEMBL4699	CHEMBL240832	0
O60725_CHEMBL4699	CHEMBL240634	0
O60725_CHEMBL4699	CHEMBL240257	0
O60725_CHEMBL4699	CHEMBL240631	0
O60725_CHEMBL4699	CHEMBL240630	0
O60725_CHEMBL4699	CHEMBL398986	0
O60725_CHEMBL4699	CHEMBL241310	0
O60725_CHEMBL4699	CHEMBL394961	0
O60725_CHEMBL4699	CHEMBL241275	0
O60725_CHEMBL4699	CHEMBL397297	0
O60725_CHEMBL4699	CHEMBL240448	0
O60725_CHEMBL4699	CHEMBL240258	0
O60725_CHEMBL4699	CHEMBL239574	0
O60725_CHEMBL4699	CHEMBL240239	0
P10938_CHEMBL2331	CHEMBL441679	0
P11086_CHEMBL4617	CHEMBL198733	0
P11086_CHEMBL4617	CHEMBL197380	0
P11086_CHEMBL4617	CHEMBL165425	0
Q86X55_CHEMBL5406	CHEMBL4098465	1
Q96LA8_CHEMBL1275221	CHEMBL4068717	1
P21964_CHEMBL2023	CHEMBL4175239	0
P21964_CHEMBL2023	CHEMBL4174751	0
P21964_CHEMBL2023	CHEMBL4172614	1
P10938_CHEMBL2331	CHEMBL130744	0
Q8TEK3_CHEMBL1795117	CHEMBL4549878	1
P07607_CHEMBL3160	CHEMBL127583	1
O60678_CHEMBL5891	CHEMBL4105174	0
O60678_CHEMBL5891	CHEMBL4079503	1
P51580_CHEMBL2500	CHEMBL89875	0
P22734_CHEMBL2372	CHEMBL169891	1
P11086_CHEMBL4617	CHEMBL186361	0
Q9H5I1_CHEMBL1795177	CHEMBL4587289	1
Q9H7B4_CHEMBL2321643	CHEMBL3798006	1
Q99873_CHEMBL5524	CHEMBL390383	0
O96028_CHEMBL3108645	CHEMBL1542693	0
O96028_CHEMBL3108645	CHEMBL1723955	0
O96028_CHEMBL3108645	CHEMBL1502410	0
O96028_CHEMBL3108645	CHEMBL1163377	0
O96028_CHEMBL3108645	CHEMBL175434	0
O96028_CHEMBL3108645	CHEMBL1504461	0
O96028_CHEMBL3108645	CHEMBL1504679	0
O96028_CHEMBL3108645	CHEMBL2001904	0
O96028_CHEMBL3108645	CHEMBL1517325	0
O96028_CHEMBL3108645	CHEMBL1345195	0
O96028_CHEMBL3108645	CHEMBL1713464	0
O96028_CHEMBL3108645	CHEMBL1699845	0
O96028_CHEMBL3108645	CHEMBL1399113	0
O96028_CHEMBL3108645	CHEMBL1708493	0
O96028_CHEMBL3108645	CHEMBL1541657	0
O96028_CHEMBL3108645	CHEMBL1555938	0
O96028_CHEMBL3108645	CHEMBL1901926	0
Q15910_CHEMBL2189110	CHEMBL3769788	0
Q15910_CHEMBL2189110	CHEMBL3769797	0
Q15910_CHEMBL2189110	CHEMBL3770929	0
P10938_CHEMBL2331	CHEMBL128633	0
Q99873_CHEMBL5524	CHEMBL3589039	0
Q15910_CHEMBL2189110	CHEMBL3605444	0
Q15910_CHEMBL2189110	CHEMBL3264787	0
Q15910_CHEMBL2189110	CHEMBL3914517	0
Q15910_CHEMBL2189110	CHEMBL3933203	1
P07607_CHEMBL3160	CHEMBL72608	0
Q15910_CHEMBL2189110	CHEMBL3769849	0
Q15910_CHEMBL2189110	CHEMBL3771291	0
Q15910_CHEMBL2189110	CHEMBL3770619	0
P10938_CHEMBL2331	CHEMBL71354	0
P07607_CHEMBL3160	CHEMBL22793	0
P22734_CHEMBL2372	CHEMBL4472878	0
Q9H5I1_CHEMBL1795177	CHEMBL4586623	1
Q9H5I1_CHEMBL1795177	CHEMBL4567135	1
Q9H5I1_CHEMBL1795177	CHEMBL4542063	1
Q9H5I1_CHEMBL1795177	CHEMBL4542745	1
Q9H5I1_CHEMBL1795177	CHEMBL4560252	1
Q9H5I1_CHEMBL1795177	CHEMBL4483497	1
Q9H5I1_CHEMBL1795177	CHEMBL4526344	1
Q15910_CHEMBL2189110	CHEMBL3264750	0
Q15910_CHEMBL2189110	CHEMBL3264776	0
Q15910_CHEMBL2189110	CHEMBL3264794	0
Q9H5I1_CHEMBL1795177	CHEMBL4573792	1
Q15910_CHEMBL2189110	CHEMBL3264752	0
Q8TEK3_CHEMBL1795117	CHEMBL4557484	1
Q8TEK3_CHEMBL1795117	CHEMBL4567485	1
Q86X55_CHEMBL5406	CHEMBL3409562	0
Q99873_CHEMBL5524	CHEMBL3409561	0
Q15910_CHEMBL2189110	CHEMBL3397316	0
Q86X55_CHEMBL5406	CHEMBL584335	1
Q9H7B4_CHEMBL2321643	CHEMBL4542517	1
P40261_CHEMBL2346486	CHEMBL4476197	1
P21964_CHEMBL2023	CHEMBL1089504	1
Q9WVG6_CHEMBL5538	CHEMBL1088568	0
P21964_CHEMBL2023	CHEMBL4461693	1
P26358_CHEMBL1993	CHEMBL3126653	0
P26358_CHEMBL1993	CHEMBL4588797	0
P22734_CHEMBL2372	CHEMBL1244	1
P10938_CHEMBL2331	CHEMBL136475	0
O96028_CHEMBL3108645	CHEMBL1508847	0
O96028_CHEMBL3108645	CHEMBL1570005	0
Q86X55_CHEMBL5406	CHEMBL3414624	0
P11086_CHEMBL4617	CHEMBL184627	0
P07607_CHEMBL3160	CHEMBL415104	0
P26358_CHEMBL1993	CHEMBL560106	0
Q15910_CHEMBL2189110	CHEMBL3394229	1
P10938_CHEMBL2331	CHEMBL1907936	0
P10938_CHEMBL2331	CHEMBL441092	0
P21964_CHEMBL2023	CHEMBL3289431	0
P07607_CHEMBL3160	CHEMBL138870	0
P22734_CHEMBL2372	CHEMBL3425734	1
P10938_CHEMBL2331	CHEMBL26825	0
Q99873_CHEMBL5524	CHEMBL2047486	0
P10938_CHEMBL2331	CHEMBL131174	0
P07607_CHEMBL3160	CHEMBL423243	0
Q99873_CHEMBL5524	CHEMBL440550	0
P07607_CHEMBL3160	CHEMBL3144187	0
P22734_CHEMBL2372	CHEMBL355736	0
P10938_CHEMBL2331	CHEMBL320367	0
O60725_CHEMBL4699	CHEMBL1484316	0
O60725_CHEMBL4699	CHEMBL1800413	0
O60725_CHEMBL4699	CHEMBL1800485	1
O60725_CHEMBL4699	CHEMBL1800496	1
P21964_CHEMBL2023	CHEMBL4442598	0
Q86X55_CHEMBL5406	CHEMBL571639	1
Q86X55_CHEMBL5406	CHEMBL567298	1
Q15910_CHEMBL2189110	CHEMBL3397327	0
O96028_CHEMBL3108645	CHEMBL1582178	0
O96028_CHEMBL3108645	CHEMBL3304020	0
O96028_CHEMBL3108645	CHEMBL1310353	0
O96028_CHEMBL3108645	CHEMBL1321572	0
O96028_CHEMBL3108645	CHEMBL1392911	0
O96028_CHEMBL3108645	CHEMBL1532072	0
O96028_CHEMBL3108645	CHEMBL1492110	0
O96028_CHEMBL3108645	CHEMBL1309949	0
O96028_CHEMBL3108645	CHEMBL1580854	0
O96028_CHEMBL3108645	CHEMBL1421438	0
O96028_CHEMBL3108645	CHEMBL1302524	0
O96028_CHEMBL3108645	CHEMBL1402628	0
O96028_CHEMBL3108645	CHEMBL1582403	0
O96028_CHEMBL3108645	CHEMBL3185407	0
O96028_CHEMBL3108645	CHEMBL1334670	0
O96028_CHEMBL3108645	CHEMBL1387155	0
O96028_CHEMBL3108645	CHEMBL1736648	0
O96028_CHEMBL3108645	CHEMBL1732657	0
O96028_CHEMBL3108645	CHEMBL1418124	0
O96028_CHEMBL3108645	CHEMBL1588106	0
O96028_CHEMBL3108645	CHEMBL1451931	0
O96028_CHEMBL3108645	CHEMBL1906617	0
O96028_CHEMBL3108645	CHEMBL1400512	0
O96028_CHEMBL3108645	CHEMBL1989853	0
Q15910_CHEMBL2189110	CHEMBL3644617	0
O60725_CHEMBL4699	CHEMBL2376504	0
O60725_CHEMBL4699	CHEMBL2376435	0
P34897_CHEMBL4295747	CHEMBL4573270	0
Q86X55_CHEMBL5406	CHEMBL504582	0
Q86X55_CHEMBL5406	CHEMBL479059	0
Q86X55_CHEMBL5406	CHEMBL476331	0
Q86X55_CHEMBL5406	CHEMBL466658	1
P22734_CHEMBL2372	CHEMBL4437043	1
P22734_CHEMBL2372	CHEMBL4543735	1
O96028_CHEMBL3108645	CHEMBL1906185	0
Q86X55_CHEMBL5406	CHEMBL6246	0
Q99873_CHEMBL5524	CHEMBL424121	0
Q9H5I1_CHEMBL1795177	CHEMBL4560657	1
Q96LA8_CHEMBL1275221	CHEMBL3781201	0
P07607_CHEMBL3160	CHEMBL321284	0
P07607_CHEMBL3160	CHEMBL40851	0
Q9H5I1_CHEMBL1795177	CHEMBL4547214	1
Q9H5I1_CHEMBL1795177	CHEMBL4520552	1
P40261_CHEMBL2346486	CHEMBL4435685	0
P40261_CHEMBL2346486	CHEMBL4515831	0
P26358_CHEMBL1993	CHEMBL538627	0
Q9H5I1_CHEMBL1795177	CHEMBL4570818	1
Q9H5I1_CHEMBL1795177	CHEMBL4551308	1
P11086_CHEMBL4617	CHEMBL398678	0
Q8TEK3_CHEMBL1795117	CHEMBL4515319	0
P26358_CHEMBL1993	CHEMBL555352	0
O60725_CHEMBL4699	CHEMBL4473893	1
Q86X55_CHEMBL5406	CHEMBL4441855	0
Q86X55_CHEMBL5406	CHEMBL4475924	0
Q86X55_CHEMBL5406	CHEMBL4458225	0
Q86X55_CHEMBL5406	CHEMBL4465454	0
P10938_CHEMBL2331	CHEMBL28431	0
Q8TEK3_CHEMBL1795117	CHEMBL3087636	0
P11086_CHEMBL4617	CHEMBL243836	0
P11086_CHEMBL4617	CHEMBL413311	0
Q8WTS6_CHEMBL5523	CHEMBL4638795	0
Q8WTS6_CHEMBL5523	CHEMBL4636360	0
P10938_CHEMBL2331	CHEMBL276092	0
Q86X55_CHEMBL5406	CHEMBL477581	0
P07607_CHEMBL3160	CHEMBL159803	1
Q15910_CHEMBL2189110	CHEMBL3414574	1
O60725_CHEMBL4699	CHEMBL482878	0
P11086_CHEMBL4617	CHEMBL200563	0
P07607_CHEMBL3160	CHEMBL41445	0
Q15910_CHEMBL2189110	CHEMBL3264784	0
O60725_CHEMBL4699	CHEMBL212599	0
P16455_CHEMBL2864	CHEMBL343460	0
P21964_CHEMBL2023	CHEMBL4171794	0
Q9H7B4_CHEMBL2321643	CHEMBL4576240	1
Q86X55_CHEMBL5406	CHEMBL571640	1
P26358_CHEMBL1993	CHEMBL557902	0
P16455_CHEMBL2864	CHEMBL272182	0
O60725_CHEMBL4699	CHEMBL1800494	0
P07607_CHEMBL3160	CHEMBL3144092	0
P07607_CHEMBL3160	CHEMBL323294	0
Q86X55_CHEMBL5406	CHEMBL468927	1
Q86X55_CHEMBL5406	CHEMBL577498	1
Q86X55_CHEMBL5406	CHEMBL511550	1
P07607_CHEMBL3160	CHEMBL185	0
O60725_CHEMBL4699	CHEMBL1257623	0
O60725_CHEMBL4699	CHEMBL1257982	0
Q86X55_CHEMBL5406	CHEMBL477347	0
Q9NR22_CHEMBL3108648	CHEMBL3589031	1
P34897_CHEMBL4295747	CHEMBL4526437	0
Q15910_CHEMBL2189110	CHEMBL3940475	1
Q15910_CHEMBL2189110	CHEMBL3947443	0
P07607_CHEMBL3160	CHEMBL348765	1
P10938_CHEMBL2331	CHEMBL28340	0
Q8WTS6_CHEMBL5523	CHEMBL3623578	0
Q15910_CHEMBL2189110	CHEMBL3929944	1
P16455_CHEMBL2864	CHEMBL407876	0
Q15910_CHEMBL2189110	CHEMBL3906288	1
P07607_CHEMBL3160	CHEMBL126242	1
Q15910_CHEMBL2189110	CHEMBL3929353	0
Q15910_CHEMBL2189110	CHEMBL3893981	1
P07607_CHEMBL3160	CHEMBL410300	0
P10938_CHEMBL2331	CHEMBL323692	0
O60725_CHEMBL4699	CHEMBL1771307	0
Q99873_CHEMBL5524	CHEMBL1797454	0
Q15910_CHEMBL2189110	CHEMBL4082516	0
Q15910_CHEMBL2189110	CHEMBL4062421	1
P07607_CHEMBL3160	CHEMBL75291	1
P07607_CHEMBL3160	CHEMBL424541	1
Q9WVG6_CHEMBL5538	CHEMBL474500	0
Q9WVG6_CHEMBL5538	CHEMBL515418	0
Q15910_CHEMBL2189110	CHEMBL4539350	0
Q8TEK3_CHEMBL1795117	CHEMBL2170976	0
Q9H5I1_CHEMBL1795177	CHEMBL4559373	1
Q9H5I1_CHEMBL1795177	CHEMBL4544943	1
Q9H5I1_CHEMBL1795177	CHEMBL4569911	1
Q9H5I1_CHEMBL1795177	CHEMBL4535015	1
Q9H5I1_CHEMBL1795177	CHEMBL4554728	1
P22734_CHEMBL2372	CHEMBL3274779	0
P22734_CHEMBL2372	CHEMBL449298	0
P22734_CHEMBL2372	CHEMBL497	0
Q9H5I1_CHEMBL1795177	CHEMBL4574473	1
Q9H5I1_CHEMBL1795177	CHEMBL4538995	1
O96028_CHEMBL3108645	CHEMBL1350986	0
O96028_CHEMBL3108645	CHEMBL1165723	0
O96028_CHEMBL3108645	CHEMBL1488474	0
O96028_CHEMBL3108645	CHEMBL1540315	0
O96028_CHEMBL3108645	CHEMBL1490436	0
Q15910_CHEMBL2189110	CHEMBL3414618	0
Q15910_CHEMBL2189110	CHEMBL3769571	1
Q9H5I1_CHEMBL1795177	CHEMBL4554238	1
P21964_CHEMBL2023	CHEMBL1089537	1
O60678_CHEMBL5891	CHEMBL2325195	0
P21964_CHEMBL2023	CHEMBL4518323	0
P21964_CHEMBL2023	CHEMBL4453736	1
P40261_CHEMBL2346486	CHEMBL4591248	1
Q8TEK3_CHEMBL1795117	CHEMBL4563514	0
Q9H5I1_CHEMBL1795177	CHEMBL4571090	1
Q9H5I1_CHEMBL1795177	CHEMBL4539912	1
Q99873_CHEMBL5524	CHEMBL3409557	0
Q9NR22_CHEMBL3108648	CHEMBL3589036	1
Q9NR22_CHEMBL3108648	CHEMBL3589035	1
Q9NR22_CHEMBL3108648	CHEMBL3589030	1
Q96LA8_CHEMBL1275221	CHEMBL3589913	1
Q8TEK3_CHEMBL1795117	CHEMBL3087639	0
O60725_CHEMBL4699	CHEMBL1800518	0
Q99873_CHEMBL5524	CHEMBL3414628	0
O96028_CHEMBL3108645	CHEMBL1421172	0
O96028_CHEMBL3108645	CHEMBL222190	0
O96028_CHEMBL3108645	CHEMBL1518104	0
O96028_CHEMBL3108645	CHEMBL1376540	0
O96028_CHEMBL3108645	CHEMBL1558213	0
O96028_CHEMBL3108645	CHEMBL1436247	0
O96028_CHEMBL3108645	CHEMBL1458321	0
O96028_CHEMBL3108645	CHEMBL1455014	0
O96028_CHEMBL3108645	CHEMBL1613238	0
P10938_CHEMBL2331	CHEMBL121252	0
O96028_CHEMBL3108645	CHEMBL133576	0
O96028_CHEMBL3108645	CHEMBL1362933	0
O96028_CHEMBL3108645	CHEMBL2007178	0
P21964_CHEMBL2023	CHEMBL3425735	1
P07607_CHEMBL3160	CHEMBL96148	0
O60678_CHEMBL5891	CHEMBL2325198	0
Q15910_CHEMBL2189110	CHEMBL3955846	0
Q15910_CHEMBL2189110	CHEMBL3956280	0
Q8WTS6_CHEMBL5523	CHEMBL152622	0
P26358_CHEMBL1993	CHEMBL3109084	0
Q86X55_CHEMBL5406	CHEMBL467062	0
O60725_CHEMBL4699	CHEMBL1771305	0
O96028_CHEMBL3108645	CHEMBL417727	0
O96028_CHEMBL3108645	CHEMBL1398645	0
O96028_CHEMBL3108645	CHEMBL1451772	0
O96028_CHEMBL3108645	CHEMBL1584083	0
O96028_CHEMBL3108645	CHEMBL3145314	0
O96028_CHEMBL3108645	CHEMBL1408320	0
O96028_CHEMBL3108645	CHEMBL1403154	0
O96028_CHEMBL3108645	CHEMBL1389066	0
O96028_CHEMBL3108645	CHEMBL1362734	0
O96028_CHEMBL3108645	CHEMBL1559734	0
O96028_CHEMBL3108645	CHEMBL1313485	0
O96028_CHEMBL3108645	CHEMBL3188428	0
O60725_CHEMBL4699	CHEMBL1800488	0
O60725_CHEMBL4699	CHEMBL1800414	0
O60725_CHEMBL4699	CHEMBL1800421	1
P21964_CHEMBL2023	CHEMBL3425736	1
P07607_CHEMBL3160	CHEMBL101425	0
Q99873_CHEMBL5524	CHEMBL409290	0
P07607_CHEMBL3160	CHEMBL64776	0
P07607_CHEMBL3160	CHEMBL6632	0
P07607_CHEMBL3160	CHEMBL266065	0
Q15910_CHEMBL2189110	CHEMBL3701026	1
P07607_CHEMBL3160	CHEMBL291075	1
Q8WTS6_CHEMBL5523	CHEMBL516	0
Q01984_CHEMBL3241	CHEMBL277113	1
O60725_CHEMBL4699	CHEMBL240834	0
P07607_CHEMBL3160	CHEMBL321527	0
P22734_CHEMBL2372	CHEMBL167172	1
P22734_CHEMBL2372	CHEMBL353187	0
Q01984_CHEMBL3241	CHEMBL276938	0
P11086_CHEMBL4617	CHEMBL207855	0
P11086_CHEMBL4617	CHEMBL377669	0
P16455_CHEMBL2864	CHEMBL121479	0
P07607_CHEMBL3160	CHEMBL93098	0
P16455_CHEMBL2864	CHEMBL71484	0
P07607_CHEMBL3160	CHEMBL317901	0
P11086_CHEMBL4617	CHEMBL541610	0
P10938_CHEMBL2331	CHEMBL139495	0
P07607_CHEMBL3160	CHEMBL92445	0
P11086_CHEMBL4617	CHEMBL243835	0
Q15910_CHEMBL2189110	CHEMBL3915266	0
P10938_CHEMBL2331	CHEMBL144439	0
P10938_CHEMBL2331	CHEMBL444338	0
Q8TEK3_CHEMBL1795117	CHEMBL4534250	1
Q8TEK3_CHEMBL1795117	CHEMBL4590355	1
P07607_CHEMBL3160	CHEMBL306305	0
P07607_CHEMBL3160	CHEMBL171226	1
P51580_CHEMBL2500	CHEMBL101265	0
Q15910_CHEMBL2189110	CHEMBL3771269	1
Q15910_CHEMBL2189110	CHEMBL3770154	1
Q96LA8_CHEMBL1275221	CHEMBL3986367	0
P10938_CHEMBL2331	CHEMBL277996	0
Q99873_CHEMBL5524	CHEMBL222509	0
Q86X55_CHEMBL5406	CHEMBL511896	1
Q8TEK3_CHEMBL1795117	CHEMBL3087638	1
Q8TEK3_CHEMBL1795117	CHEMBL2170979	0
Q99873_CHEMBL5524	CHEMBL4544587	0
Q9NR22_CHEMBL3108648	CHEMBL4463793	0
P07607_CHEMBL3160	CHEMBL61300	1
O60725_CHEMBL4699	CHEMBL2376434	0
O60725_CHEMBL4699	CHEMBL213243	0
P07607_CHEMBL3160	CHEMBL320977	0
P10938_CHEMBL2331	CHEMBL120975	0
P16455_CHEMBL2864	CHEMBL272689	0
O60725_CHEMBL4699	CHEMBL240445	0
O60725_CHEMBL4699	CHEMBL239782	0
O60725_CHEMBL4699	CHEMBL266797	0
O60725_CHEMBL4699	CHEMBL241273	0
P13864_CHEMBL3351195	CHEMBL1911321	0
O60678_CHEMBL5891	CHEMBL2325188	0
O60678_CHEMBL5891	CHEMBL2325181	0
P26358_CHEMBL1993	CHEMBL562689	0
Q9WVG6_CHEMBL5538	CHEMBL1080334	0
Q8TEK3_CHEMBL1795117	CHEMBL99203	0
P07607_CHEMBL3160	CHEMBL3248470	0
P07607_CHEMBL3160	CHEMBL126914	1
P07607_CHEMBL3160	CHEMBL170101	1
O43463_CHEMBL1795118	CHEMBL1797937	0
Q99873_CHEMBL5524	CHEMBL2179350	0
P07607_CHEMBL3160	CHEMBL340635	1
P07607_CHEMBL3160	CHEMBL40539	0
O60725_CHEMBL4699	CHEMBL399815	0
O60725_CHEMBL4699	CHEMBL240833	0
O60725_CHEMBL4699	CHEMBL392965	0
O60725_CHEMBL4699	CHEMBL391670	0
P11086_CHEMBL4617	CHEMBL189664	0
P26358_CHEMBL1993	CHEMBL1201129	1
O96028_CHEMBL3108645	CHEMBL1384253	0
O96028_CHEMBL3108645	CHEMBL1454614	0
P16455_CHEMBL2864	CHEMBL151552	0
O96028_CHEMBL3108645	CHEMBL1735482	0
O96028_CHEMBL3108645	CHEMBL1575649	0
O96028_CHEMBL3108645	CHEMBL1485960	0
Q96LA8_CHEMBL1275221	CHEMBL3763993	0
Q96LA8_CHEMBL1275221	CHEMBL3780701	0
Q96LA8_CHEMBL1275221	CHEMBL3781603	0
Q96LA8_CHEMBL1275221	CHEMBL3780615	0
Q9H7B4_CHEMBL2321643	CHEMBL3798012	1
Q9H7B4_CHEMBL2321643	CHEMBL3798717	0
O60678_CHEMBL5891	CHEMBL2325180	0
O60725_CHEMBL4699	CHEMBL1800480	0
O60725_CHEMBL4699	CHEMBL1800502	0
O60725_CHEMBL4699	CHEMBL1800517	0
O60725_CHEMBL4699	CHEMBL1800705	1
Q8WTS6_CHEMBL5523	CHEMBL347536	0
Q8WTS6_CHEMBL5523	CHEMBL152408	0
O60725_CHEMBL4699	CHEMBL3219960	0
P22734_CHEMBL2372	CHEMBL1454910	0
Q15910_CHEMBL2189110	CHEMBL3264768	0
Q15910_CHEMBL2189110	CHEMBL3264774	0
Q15910_CHEMBL2189110	CHEMBL3264789	0
P07607_CHEMBL3160	CHEMBL211312	0
Q15910_CHEMBL2189110	CHEMBL1608462	0
P26358_CHEMBL1993	CHEMBL3414633	0
Q8TEK3_CHEMBL1795117	CHEMBL4225123	0
Q86X55_CHEMBL5406	CHEMBL3414627	0
O96028_CHEMBL3108645	CHEMBL1377031	0
O96028_CHEMBL3108645	CHEMBL1874616	0
P13864_CHEMBL3351195	CHEMBL3358021	0
P13864_CHEMBL3351195	CHEMBL3358020	0
Q99873_CHEMBL5524	CHEMBL3589043	1
Q8WTS6_CHEMBL5523	CHEMBL4638481	0
Q8TEK3_CHEMBL1795117	CHEMBL4100144	0
Q8TEK3_CHEMBL1795117	CHEMBL4112081	1
O60678_CHEMBL5891	CHEMBL4100373	0
Q63009_CHEMBL1275220	CHEMBL4084293	1
Q15910_CHEMBL2189110	CHEMBL4071056	0
Q8TEK3_CHEMBL1795117	CHEMBL2170983	0
O96028_CHEMBL3108645	CHEMBL1506756	0
O96028_CHEMBL3108645	CHEMBL258756	0
O96028_CHEMBL3108645	CHEMBL1600440	0
O96028_CHEMBL3108645	CHEMBL381033	0
O96028_CHEMBL3108645	CHEMBL1331791	0
O96028_CHEMBL3108645	CHEMBL1331211	0
O96028_CHEMBL3108645	CHEMBL1700270	0
O96028_CHEMBL3108645	CHEMBL3192715	0
O96028_CHEMBL3108645	CHEMBL1378634	0
O96028_CHEMBL3108645	CHEMBL1309165	0
O96028_CHEMBL3108645	CHEMBL1721330	0
O96028_CHEMBL3108645	CHEMBL1605094	0
Q86X55_CHEMBL5406	CHEMBL3924657	1
O96028_CHEMBL3108645	CHEMBL1562466	0
O96028_CHEMBL3108645	CHEMBL1874279	0
Q86X55_CHEMBL5406	CHEMBL3956007	1
Q8TEK3_CHEMBL1795117	CHEMBL4434837	0
Q8TEK3_CHEMBL1795117	CHEMBL1312860	0
P22734_CHEMBL2372	CHEMBL137555	1
Q9H5I1_CHEMBL1795177	CHEMBL4547938	1
Q63009_CHEMBL1275220	CHEMBL4101956	0
Q99873_CHEMBL5524	CHEMBL440410	0
Q9H5I1_CHEMBL1795177	CHEMBL4528474	1
Q9H5I1_CHEMBL1795177	CHEMBL4591836	1
Q9H5I1_CHEMBL1795177	CHEMBL4587234	1
Q9H5I1_CHEMBL1795177	CHEMBL4582137	1
Q9H5I1_CHEMBL1795177	CHEMBL4573508	1
Q9H5I1_CHEMBL1795177	CHEMBL4541514	1
Q9H5I1_CHEMBL1795177	CHEMBL4515233	1
Q15910_CHEMBL2189110	CHEMBL3701042	1
Q15910_CHEMBL2189110	CHEMBL3895049	1
Q15910_CHEMBL2189110	CHEMBL3896120	1
Q15910_CHEMBL2189110	CHEMBL3397324	0
Q15910_CHEMBL2189110	CHEMBL4077043	1
Q8WTS6_CHEMBL5523	CHEMBL1577117	0
Q15910_CHEMBL2189110	CHEMBL1602143	0
Q96LA8_CHEMBL1275221	CHEMBL3902609	1
Q96LA8_CHEMBL1275221	CHEMBL3939593	1
Q99028_CHEMBL2176837	CHEMBL139882	0
P26358_CHEMBL1993	CHEMBL3414631	0
Q15910_CHEMBL2189110	CHEMBL3414619	1
O60725_CHEMBL4699	CHEMBL1946589	0
Q15910_CHEMBL2189110	CHEMBL3264767	0
Q15910_CHEMBL2189110	CHEMBL3264770	0
Q15910_CHEMBL2189110	CHEMBL3264793	0
Q15910_CHEMBL2189110	CHEMBL4635809	1
P21964_CHEMBL2023	CHEMBL4587566	1
P21964_CHEMBL2023	CHEMBL4556206	1
Q99873_CHEMBL5524	CHEMBL1797441	0
Q99873_CHEMBL5524	CHEMBL1269351	0
Q99873_CHEMBL5524	CHEMBL1797556	0
P26358_CHEMBL1993	CHEMBL551100	0
P26358_CHEMBL1993	CHEMBL563946	0
P26358_CHEMBL1993	CHEMBL551167	0
Q9H5I1_CHEMBL1795177	CHEMBL4591094	1
Q9H5I1_CHEMBL1795177	CHEMBL4560541	1
Q9H5I1_CHEMBL1795177	CHEMBL4522490	1
Q9H5I1_CHEMBL1795177	CHEMBL4565002	1
Q9H5I1_CHEMBL1795177	CHEMBL4526689	1
Q9H5I1_CHEMBL1795177	CHEMBL4571209	1
Q9H5I1_CHEMBL1795177	CHEMBL4566335	1
Q9UPS6_CHEMBL4105837	CHEMBL4465202	0
O60725_CHEMBL4699	CHEMBL3823076	0
Q99873_CHEMBL5524	CHEMBL3589042	1
Q15910_CHEMBL2189110	CHEMBL3905192	0
P26358_CHEMBL1993	CHEMBL1231795	0
Q8WTS6_CHEMBL5523	CHEMBL3809273	0
Q8WTS6_CHEMBL5523	CHEMBL3809236	0
Q9H7B4_CHEMBL2321643	CHEMBL3797708	1
O96028_CHEMBL3108645	CHEMBL1725485	0
O96028_CHEMBL3108645	CHEMBL1724676	0
O96028_CHEMBL3108645	CHEMBL1716028	0
O96028_CHEMBL3108645	CHEMBL1965172	0
O96028_CHEMBL3108645	CHEMBL1890165	0
O96028_CHEMBL3108645	CHEMBL1577193	0
O96028_CHEMBL3108645	CHEMBL1505679	0
O96028_CHEMBL3108645	CHEMBL1563317	0
O96028_CHEMBL3108645	CHEMBL1725940	0
O96028_CHEMBL3108645	CHEMBL3184468	0
P21964_CHEMBL2023	CHEMBL3425729	0
Q15047_CHEMBL2321646	CHEMBL4542222	0
P22734_CHEMBL2372	CHEMBL3770406	0
P26358_CHEMBL1993	CHEMBL4161915	0
Q15910_CHEMBL2189110	CHEMBL3264771	0
Q9NR22_CHEMBL3108648	CHEMBL3589033	1
Q9NR22_CHEMBL3108648	CHEMBL3589032	1
P26358_CHEMBL1993	CHEMBL3109079	0
P26358_CHEMBL1993	CHEMBL3109085	0
P22734_CHEMBL2372	CHEMBL354517	0
O96028_CHEMBL3108645	CHEMBL1999630	0
Q96LA8_CHEMBL1275221	CHEMBL3981736	1
Q96LA8_CHEMBL1275221	CHEMBL3892699	1
P22734_CHEMBL2372	CHEMBL168818	0
Q15910_CHEMBL2189110	CHEMBL4584071	1
P07607_CHEMBL3160	CHEMBL3144194	0
P22734_CHEMBL2372	CHEMBL481644	1
P07607_CHEMBL3160	CHEMBL264807	1
P07607_CHEMBL3160	CHEMBL6271	1
Q01984_CHEMBL3241	CHEMBL275617	1
Q86X55_CHEMBL5406	CHEMBL4443299	0
Q86X55_CHEMBL5406	CHEMBL4540350	0
Q9HBK9_CHEMBL4295950	CHEMBL3422653	0
P16455_CHEMBL2864	CHEMBL146469	0
Q9H5I1_CHEMBL1795177	CHEMBL4535235	1
Q9H5I1_CHEMBL1795177	CHEMBL4556056	1
Q9H5I1_CHEMBL1795177	CHEMBL4520199	1
Q63009_CHEMBL1275220	CHEMBL4073964	0
Q63009_CHEMBL1275220	CHEMBL4077690	0
P40261_CHEMBL2346486	CHEMBL4434781	0
P40261_CHEMBL2346486	CHEMBL4466650	0
Q86X55_CHEMBL5406	CHEMBL4518126	0
P21964_CHEMBL2023	CHEMBL1091983	1
P21964_CHEMBL2023	CHEMBL1089536	1
P21964_CHEMBL2023	CHEMBL1089630	1
P21964_CHEMBL2023	CHEMBL4174102	1
O96028_CHEMBL3108645	CHEMBL2141749	0
O96028_CHEMBL3108645	CHEMBL1609006	0
O96028_CHEMBL3108645	CHEMBL1537553	0
O96028_CHEMBL3108645	CHEMBL1725173	0
O96028_CHEMBL3108645	CHEMBL1576140	0
O96028_CHEMBL3108645	CHEMBL1710157	0
O96028_CHEMBL3108645	CHEMBL1464721	0
O96028_CHEMBL3108645	CHEMBL1966984	0
O96028_CHEMBL3108645	CHEMBL3144873	0
O96028_CHEMBL3108645	CHEMBL1501392	0
O96028_CHEMBL3108645	CHEMBL1607263	0
O96028_CHEMBL3108645	CHEMBL1395907	0
O96028_CHEMBL3108645	CHEMBL1441739	0
O96028_CHEMBL3108645	CHEMBL1714335	0
O96028_CHEMBL3108645	CHEMBL3186541	0
Q86X55_CHEMBL5406	CHEMBL4451345	0
Q86X55_CHEMBL5406	CHEMBL4565023	0
Q86X55_CHEMBL5406	CHEMBL4471137	0
Q8TEK3_CHEMBL1795117	CHEMBL4577516	0
Q8TEK3_CHEMBL1795117	CHEMBL4559614	1
Q9H5I1_CHEMBL1795177	CHEMBL4547770	1
Q9H5I1_CHEMBL1795177	CHEMBL4518686	1
Q9H5I1_CHEMBL1795177	CHEMBL4519569	1
Q9H5I1_CHEMBL1795177	CHEMBL4528022	1
Q9H5I1_CHEMBL1795177	CHEMBL4534237	1
Q9H5I1_CHEMBL1795177	CHEMBL4529303	1
Q9H5I1_CHEMBL1795177	CHEMBL4583709	1
Q9H5I1_CHEMBL1795177	CHEMBL4574823	1
O60678_CHEMBL5891	CHEMBL4061085	1
O60678_CHEMBL5891	CHEMBL4105488	1
O60678_CHEMBL5891	CHEMBL4063230	0
O60678_CHEMBL5891	CHEMBL4090733	0
O60678_CHEMBL5891	CHEMBL4099065	0
P40261_CHEMBL2346486	CHEMBL4435314	1
P07607_CHEMBL3160	CHEMBL1788164	0
P11086_CHEMBL4617	CHEMBL12712	0
P22734_CHEMBL2372	CHEMBL170549	0
Q99873_CHEMBL5524	CHEMBL1269253	0
P07607_CHEMBL3160	CHEMBL105150	0
Q15910_CHEMBL2189110	CHEMBL3701021	1
Q15910_CHEMBL2189110	CHEMBL3910693	1
O96028_CHEMBL3108645	CHEMBL1542926	0
O96028_CHEMBL3108645	CHEMBL1445410	0
O96028_CHEMBL3108645	CHEMBL1465693	0
O96028_CHEMBL3108645	CHEMBL1550238	0
O96028_CHEMBL3108645	CHEMBL1485524	0
O96028_CHEMBL3108645	CHEMBL1303970	0
O96028_CHEMBL3108645	CHEMBL193872	0
O96028_CHEMBL3108645	CHEMBL1516638	0
P11086_CHEMBL4617	CHEMBL208040	0
P11086_CHEMBL4617	CHEMBL188117	0
Q96LA8_CHEMBL1275221	CHEMBL3589026	1
Q99873_CHEMBL5524	CHEMBL3589040	0
P07607_CHEMBL3160	CHEMBL433059	0
Q99873_CHEMBL5524	CHEMBL3589912	1
Q15910_CHEMBL2189110	CHEMBL3264781	0
P11086_CHEMBL4617	CHEMBL541797	1
O60725_CHEMBL4699	CHEMBL1257506	0
P11086_CHEMBL4617	CHEMBL41487	1
Q99873_CHEMBL5524	CHEMBL61824	0
P07607_CHEMBL3160	CHEMBL161642	0
P40261_CHEMBL2346486	CHEMBL4544929	0
Q96LA8_CHEMBL1275221	CHEMBL3780738	0
Q96LA8_CHEMBL1275221	CHEMBL3781682	0
Q8TEK3_CHEMBL1795117	CHEMBL4075482	1
P10938_CHEMBL2331	CHEMBL19424	0
Q9H7B4_CHEMBL2321643	CHEMBL3797585	1
Q9H7B4_CHEMBL2321643	CHEMBL3799083	1
O60678_CHEMBL5891	CHEMBL4062783	0
P26358_CHEMBL1993	CHEMBL44	0
O96028_CHEMBL3108645	CHEMBL1598762	0
O96028_CHEMBL3108645	CHEMBL1310309	0
O96028_CHEMBL3108645	CHEMBL1385611	0
O96028_CHEMBL3108645	CHEMBL1493528	0
O96028_CHEMBL3108645	CHEMBL1981122	0
O96028_CHEMBL3108645	CHEMBL1995948	0
O96028_CHEMBL3108645	CHEMBL3189151	0
P11086_CHEMBL4617	CHEMBL12957	0
O96028_CHEMBL3108645	CHEMBL1578670	0
O96028_CHEMBL3108645	CHEMBL1737002	0
O96028_CHEMBL3108645	CHEMBL1456440	0
O96028_CHEMBL3108645	CHEMBL1417216	0
Q86X55_CHEMBL5406	CHEMBL4591919	0
Q86X55_CHEMBL5406	CHEMBL4449728	0
Q9H5I1_CHEMBL1795177	CHEMBL4543316	1
O60725_CHEMBL4699	CHEMBL239576	0
O60725_CHEMBL4699	CHEMBL241294	0
P40261_CHEMBL2346486	CHEMBL4536373	0
P40261_CHEMBL2346486	CHEMBL4584198	1
Q9H7B4_CHEMBL2321643	CHEMBL3800480	1
Q15047_CHEMBL2321646	CHEMBL4451286	0
Q15910_CHEMBL2189110	CHEMBL3769806	0
Q86X55_CHEMBL5406	CHEMBL3929454	1
Q15910_CHEMBL2189110	CHEMBL3937573	1
Q15910_CHEMBL2189110	CHEMBL3918450	1
Q96LA8_CHEMBL1275221	CHEMBL3924501	0
Q96LA8_CHEMBL1275221	CHEMBL3969797	1
Q96LA8_CHEMBL1275221	CHEMBL3961070	0
Q86X55_CHEMBL5406	CHEMBL3898612	0
Q86X55_CHEMBL5406	CHEMBL4060061	1
P13864_CHEMBL3351195	CHEMBL1557883	0
Q8TEK3_CHEMBL1795117	CHEMBL477	0
Q9H7B4_CHEMBL2321643	CHEMBL4563628	1
Q9H7B4_CHEMBL2321643	CHEMBL4527316	0
Q9H7B4_CHEMBL2321643	CHEMBL4539611	1
P21964_CHEMBL2023	CHEMBL3818719	1
P21964_CHEMBL2023	CHEMBL3819488	0
Q9NR22_CHEMBL3108648	CHEMBL4470484	0
Q86X55_CHEMBL5406	CHEMBL4472656	0
P40261_CHEMBL2346486	CHEMBL4435488	1
P40261_CHEMBL2346486	CHEMBL4515598	0
Q99873_CHEMBL5524	CHEMBL3109657	0
P40261_CHEMBL2346486	CHEMBL4437201	0
P40261_CHEMBL2346486	CHEMBL4519184	1
Q86X55_CHEMBL5406	CHEMBL4440950	0
Q8WTS6_CHEMBL5523	CHEMBL152407	0
Q86X55_CHEMBL5406	CHEMBL4089823	1
P26358_CHEMBL1993	CHEMBL561047	0
P26358_CHEMBL1993	CHEMBL4173626	0
Q9NR22_CHEMBL3108648	CHEMBL3589029	1
Q15910_CHEMBL2189110	CHEMBL4071453	0
Q15910_CHEMBL2189110	CHEMBL4080043	1
Q15910_CHEMBL2189110	CHEMBL4080228	1
O43463_CHEMBL1795118	CHEMBL1089316	0
O96028_CHEMBL3108645	CHEMBL1571034	0
O96028_CHEMBL3108645	CHEMBL3195409	0
Q99873_CHEMBL5524	CHEMBL3409553	0
Q96LA8_CHEMBL1275221	CHEMBL3955728	1
Q86X55_CHEMBL5406	CHEMBL4465484	0
Q9H5I1_CHEMBL1795177	CHEMBL4525679	1
Q99873_CHEMBL5524	CHEMBL3220559	0
P22734_CHEMBL2372	CHEMBL3251399	0
P22734_CHEMBL2372	CHEMBL1410814	0
Q86X55_CHEMBL5406	CHEMBL4081966	1
Q15910_CHEMBL2189110	CHEMBL3701013	1
Q15910_CHEMBL2189110	CHEMBL3701024	1
P22734_CHEMBL2372	CHEMBL168600	1
Q96LA8_CHEMBL1275221	CHEMBL4071435	1
Q86X55_CHEMBL5406	CHEMBL4071312	0
P22734_CHEMBL2372	CHEMBL1470712	0
P22734_CHEMBL2372	CHEMBL1518735	0
P22734_CHEMBL2372	CHEMBL86754	0
P22734_CHEMBL2372	CHEMBL1979095	0
Q8TEK3_CHEMBL1795117	CHEMBL4095429	0
P26358_CHEMBL1993	CHEMBL297453	0
Q15910_CHEMBL2189110	CHEMBL3414629	1
Q15910_CHEMBL2189110	CHEMBL3414620	1
O96028_CHEMBL3108645	CHEMBL171632	0
O96028_CHEMBL3108645	CHEMBL1726134	0
O96028_CHEMBL3108645	CHEMBL1728280	0
Q15910_CHEMBL2189110	CHEMBL3397323	0
Q9WVG6_CHEMBL5538	CHEMBL474495	0
Q9WVG6_CHEMBL5538	CHEMBL515255	0
Q9WVG6_CHEMBL5538	CHEMBL475696	0
P22734_CHEMBL2372	CHEMBL355402	0
P07607_CHEMBL3160	CHEMBL125856	1
Q86X55_CHEMBL5406	CHEMBL4445795	0
Q9H5I1_CHEMBL1795177	CHEMBL4557864	1
Q9H5I1_CHEMBL1795177	CHEMBL4575521	1
Q9H5I1_CHEMBL1795177	CHEMBL4545667	1
Q9H5I1_CHEMBL1795177	CHEMBL4572381	1
Q9H5I1_CHEMBL1795177	CHEMBL4545245	1
Q9H5I1_CHEMBL1795177	CHEMBL4555104	1
Q9H5I1_CHEMBL1795177	CHEMBL4514682	1
Q9H5I1_CHEMBL1795177	CHEMBL4551829	1
Q9H5I1_CHEMBL1795177	CHEMBL4591129	1
Q9H5I1_CHEMBL1795177	CHEMBL4527279	1
Q9H5I1_CHEMBL1795177	CHEMBL4581530	1
Q9H5I1_CHEMBL1795177	CHEMBL4573230	1
Q9H5I1_CHEMBL1795177	CHEMBL4550420	1
Q9H5I1_CHEMBL1795177	CHEMBL4577844	1
O60725_CHEMBL4699	CHEMBL1800415	0
O60725_CHEMBL4699	CHEMBL1800501	1
P22734_CHEMBL2372	CHEMBL167054	1
P22734_CHEMBL2372	CHEMBL169033	1
Q9H7B4_CHEMBL2321643	CHEMBL4459722	0
Q99873_CHEMBL5524	CHEMBL4448815	0
P22734_CHEMBL2372	CHEMBL3274778	0
P22734_CHEMBL2372	CHEMBL3274780	0
Q15910_CHEMBL2189110	CHEMBL3941351	1
Q15910_CHEMBL2189110	CHEMBL3902888	1
Q15910_CHEMBL2189110	CHEMBL3908410	1
Q15910_CHEMBL2189110	CHEMBL3701038	0
Q15910_CHEMBL2189110	CHEMBL3909279	1
O60725_CHEMBL4699	CHEMBL1258776	0
Q15910_CHEMBL2189110	CHEMBL3771043	0
Q15910_CHEMBL2189110	CHEMBL3770845	0
Q8TEK3_CHEMBL1795117	CHEMBL4102247	0
Q15910_CHEMBL2189110	CHEMBL3697403	0
P26358_CHEMBL1993	CHEMBL3414630	0
O96028_CHEMBL3108645	CHEMBL1497005	0
O96028_CHEMBL3108645	CHEMBL1587584	0
O96028_CHEMBL3108645	CHEMBL1599173	0
O96028_CHEMBL3108645	CHEMBL2003564	0
O96028_CHEMBL3108645	CHEMBL1996376	0
O96028_CHEMBL3108645	CHEMBL1415156	0
O96028_CHEMBL3108645	CHEMBL1598356	0
O96028_CHEMBL3108645	CHEMBL1383632	0
O96028_CHEMBL3108645	CHEMBL1308904	0
O96028_CHEMBL3108645	CHEMBL1710427	0
O96028_CHEMBL3108645	CHEMBL1513608	0
O96028_CHEMBL3108645	CHEMBL1611768	0
O96028_CHEMBL3108645	CHEMBL210208	0
O96028_CHEMBL3108645	CHEMBL1539235	0
O96028_CHEMBL3108645	CHEMBL1419015	0
O96028_CHEMBL3108645	CHEMBL1729804	0
O96028_CHEMBL3108645	CHEMBL1537618	0
O96028_CHEMBL3108645	CHEMBL1417815	0
O60725_CHEMBL4699	CHEMBL1946586	0
Q9H7B4_CHEMBL2321643	CHEMBL4551647	0
Q9BV86_CHEMBL4523442	CHEMBL4647726	1
Q8TEK3_CHEMBL1795117	CHEMBL4102657	0
Q8TEK3_CHEMBL1795117	CHEMBL4084281	0
Q99873_CHEMBL5524	CHEMBL4646129	0
O96028_CHEMBL3108645	CHEMBL1311154	0
O96028_CHEMBL3108645	CHEMBL1500934	0
P22734_CHEMBL2372	CHEMBL4646711	1
Q15910_CHEMBL2189110	CHEMBL4633932	1
Q9H5I1_CHEMBL1795177	CHEMBL4528851	1
Q9H5I1_CHEMBL1795177	CHEMBL4586227	1
Q9H5I1_CHEMBL1795177	CHEMBL4551871	1
Q9H5I1_CHEMBL1795177	CHEMBL4515153	1
Q9H5I1_CHEMBL1795177	CHEMBL4566689	1
Q9H5I1_CHEMBL1795177	CHEMBL4521984	1
Q9H5I1_CHEMBL1795177	CHEMBL4584921	1
Q9H5I1_CHEMBL1795177	CHEMBL4561677	1
Q9H5I1_CHEMBL1795177	CHEMBL4584022	1
Q9H5I1_CHEMBL1795177	CHEMBL4565684	1
Q9H5I1_CHEMBL1795177	CHEMBL4589189	1
Q9H5I1_CHEMBL1795177	CHEMBL4583859	1
Q9H5I1_CHEMBL1795177	CHEMBL4533730	1
Q9H7B4_CHEMBL2321643	CHEMBL3798488	1
Q8TEK3_CHEMBL1795117	CHEMBL2172427	0
O43463_CHEMBL1795118	CHEMBL2172426	0
Q15910_CHEMBL2189110	CHEMBL3771135	0
Q15910_CHEMBL2189110	CHEMBL3769561	0
Q15910_CHEMBL2189110	CHEMBL3770418	0
Q15910_CHEMBL2189110	CHEMBL3769498	0
Q15910_CHEMBL2189110	CHEMBL3769963	0
Q15910_CHEMBL2189110	CHEMBL4644018	1
Q99873_CHEMBL5524	CHEMBL4646898	0
Q9H5I1_CHEMBL1795177	CHEMBL4540073	1
O96028_CHEMBL3108645	CHEMBL240836	0
O96028_CHEMBL3108645	CHEMBL1307301	0
O96028_CHEMBL3108645	CHEMBL1323428	0
O96028_CHEMBL3108645	CHEMBL1464200	0
O96028_CHEMBL3108645	CHEMBL1335869	0
O96028_CHEMBL3108645	CHEMBL3182716	0
O96028_CHEMBL3108645	CHEMBL1985664	0
O96028_CHEMBL3108645	CHEMBL1567396	0
O96028_CHEMBL3108645	CHEMBL364729	0
O96028_CHEMBL3108645	CHEMBL1702473	0
O96028_CHEMBL3108645	CHEMBL1340868	0
P22734_CHEMBL2372	CHEMBL4634068	0
Q15910_CHEMBL2189110	CHEMBL4073054	1
O60725_CHEMBL4699	CHEMBL1800424	0
O60725_CHEMBL4699	CHEMBL1800490	1
O60725_CHEMBL4699	CHEMBL1800504	0
O60725_CHEMBL4699	CHEMBL1800516	1
O60725_CHEMBL4699	CHEMBL1800361	0
Q86X55_CHEMBL5406	CHEMBL3925764	1
Q96LA8_CHEMBL1275221	CHEMBL3952189	0
Q9H7B4_CHEMBL2321643	CHEMBL4467253	0
Q9H7B4_CHEMBL2321643	CHEMBL4584383	1
Q86X55_CHEMBL5406	CHEMBL3925616	0
Q86X55_CHEMBL5406	CHEMBL3984626	1
O60725_CHEMBL4699	CHEMBL1946775	0
Q8TEK3_CHEMBL1795117	CHEMBL2170975	0
P11086_CHEMBL4617	CHEMBL459366	1
P21964_CHEMBL2023	CHEMBL3289432	0
Q15910_CHEMBL2189110	CHEMBL3264755	0
Q63009_CHEMBL1275220	CHEMBL4097780	0
Q63009_CHEMBL1275220	CHEMBL1625601	0
P21964_CHEMBL2023	CHEMBL1089538	1
P07607_CHEMBL3160	CHEMBL1762225	0
Q15910_CHEMBL2189110	CHEMBL4077607	0
O96028_CHEMBL3108645	CHEMBL1352624	0
O96028_CHEMBL3108645	CHEMBL3198994	0
Q8TEK3_CHEMBL1795117	CHEMBL4534587	0
Q15910_CHEMBL2189110	CHEMBL4569399	1
Q9H5I1_CHEMBL1795177	CHEMBL4554928	1
Q8TEK3_CHEMBL1795117	CHEMBL4525316	0
Q8TEK3_CHEMBL1795117	CHEMBL4573709	0
Q99707_CHEMBL2150844	CHEMBL2153713	0
Q99707_CHEMBL2150844	CHEMBL2153714	0
Q99873_CHEMBL5524	CHEMBL3409554	0
O60725_CHEMBL4699	CHEMBL1257868	0
O96028_CHEMBL3108645	CHEMBL60824	0
Q15910_CHEMBL2189110	CHEMBL3697404	0
P21964_CHEMBL2023	CHEMBL4523002	1
Q15910_CHEMBL2189110	CHEMBL4483642	1
Q15910_CHEMBL2189110	CHEMBL4533229	1
P22734_CHEMBL2372	CHEMBL3798524	1
Q15910_CHEMBL2189110	CHEMBL3955994	1
Q15910_CHEMBL2189110	CHEMBL3919969	1
P22734_CHEMBL2372	CHEMBL4437795	1
P22734_CHEMBL2372	CHEMBL4521833	1
Q8TEK3_CHEMBL1795117	CHEMBL4459321	0
O60678_CHEMBL5891	CHEMBL4065941	0
O96028_CHEMBL3108645	CHEMBL220259	0
Q96LA8_CHEMBL1275221	CHEMBL4436662	0
Q86X55_CHEMBL5406	CHEMBL4546658	0
Q8TEK3_CHEMBL1795117	CHEMBL4552375	0
Q9H5I1_CHEMBL1795177	CHEMBL4561042	1
Q9H5I1_CHEMBL1795177	CHEMBL4557178	1
Q9H5I1_CHEMBL1795177	CHEMBL4575436	1
Q9H5I1_CHEMBL1795177	CHEMBL4586982	1
P22734_CHEMBL2372	CHEMBL3251395	0
P13864_CHEMBL3351195	CHEMBL3358023	0
P13864_CHEMBL3351195	CHEMBL3358018	0
Q15910_CHEMBL2189110	CHEMBL3697410	1
Q15910_CHEMBL2189110	CHEMBL3697487	1
Q15910_CHEMBL2189110	CHEMBL3971620	1
P50135_CHEMBL2190	CHEMBL1630	1
P26358_CHEMBL1993	CHEMBL83747	1
Q15910_CHEMBL2189110	CHEMBL3770438	1
O96028_CHEMBL3108645	CHEMBL3196108	0
O96028_CHEMBL3108645	CHEMBL1390521	0
O96028_CHEMBL3108645	CHEMBL1346724	0
O96028_CHEMBL3108645	CHEMBL1347107	0
O96028_CHEMBL3108645	CHEMBL1323674	0
O96028_CHEMBL3108645	CHEMBL1966224	0
O96028_CHEMBL3108645	CHEMBL1477236	0
O96028_CHEMBL3108645	CHEMBL1359620	0
Q8TEK3_CHEMBL1795117	CHEMBL4548823	1
Q8TEK3_CHEMBL1795117	CHEMBL4452414	1
Q8TEK3_CHEMBL1795117	CHEMBL4446675	0
P22734_CHEMBL2372	CHEMBL145	1
O60725_CHEMBL4699	CHEMBL4449942	1
Q9H5I1_CHEMBL1795177	CHEMBL4519747	1
Q9H5I1_CHEMBL1795177	CHEMBL4564290	1
Q9H5I1_CHEMBL1795177	CHEMBL4564906	1
Q9H5I1_CHEMBL1795177	CHEMBL4574141	1
Q9H5I1_CHEMBL1795177	CHEMBL4519572	1
Q9H5I1_CHEMBL1795177	CHEMBL4519172	1
Q9H5I1_CHEMBL1795177	CHEMBL4553884	1
Q9H5I1_CHEMBL1795177	CHEMBL4571337	1
Q15910_CHEMBL2189110	CHEMBL4521009	0
Q15910_CHEMBL2189110	CHEMBL4542135	1
Q9H5I1_CHEMBL1795177	CHEMBL4521461	1
Q9H5I1_CHEMBL1795177	CHEMBL4569442	1
Q9H5I1_CHEMBL1795177	CHEMBL4519869	1
Q9H5I1_CHEMBL1795177	CHEMBL4529163	1
Q9H5I1_CHEMBL1795177	CHEMBL4517082	1
Q9H5I1_CHEMBL1795177	CHEMBL4483505	1
Q9H5I1_CHEMBL1795177	CHEMBL4571313	1
Q15910_CHEMBL2189110	CHEMBL3770109	0
Q15910_CHEMBL2189110	CHEMBL3896239	0
O60725_CHEMBL4699	CHEMBL2376431	0
O60725_CHEMBL4699	CHEMBL2376424	0
O60725_CHEMBL4699	CHEMBL1257507	0
O60725_CHEMBL4699	CHEMBL1258097	0
Q15910_CHEMBL2189110	CHEMBL3697486	1
Q99873_CHEMBL5524	CHEMBL2047487	0
P40261_CHEMBL2346486	CHEMBL4473236	1
P40261_CHEMBL2346486	CHEMBL4572786	0
Q9H5I1_CHEMBL1795177	CHEMBL4457187	1
Q99873_CHEMBL5524	CHEMBL3347285	0
P21964_CHEMBL2023	CHEMBL4538981	0
Q9H5I1_CHEMBL1795177	CHEMBL4557089	1
Q9H5I1_CHEMBL1795177	CHEMBL4538219	1
Q9H5I1_CHEMBL1795177	CHEMBL4592252	1
Q9H5I1_CHEMBL1795177	CHEMBL4541848	1
Q9H5I1_CHEMBL1795177	CHEMBL4562973	1
Q9H5I1_CHEMBL1795177	CHEMBL4563069	1
Q9H5I1_CHEMBL1795177	CHEMBL4549885	1
Q99707_CHEMBL2150844	CHEMBL2153710	0
O60725_CHEMBL4699	CHEMBL1800487	0
O60725_CHEMBL4699	CHEMBL1800495	0
O60725_CHEMBL4699	CHEMBL1800477	1
O60678_CHEMBL5891	CHEMBL2325179	0
O60678_CHEMBL5891	CHEMBL2325177	0
P21964_CHEMBL2023	CHEMBL3425727	0
P21964_CHEMBL2023	CHEMBL3920565	0
Q8TEK3_CHEMBL1795117	CHEMBL4452304	0
Q8TEK3_CHEMBL1795117	CHEMBL4541986	0
P26358_CHEMBL1993	CHEMBL4203647	0
O96028_CHEMBL3108645	CHEMBL268855	0
O96028_CHEMBL3108645	CHEMBL1543965	0
O96028_CHEMBL3108645	CHEMBL1981657	0
O96028_CHEMBL3108645	CHEMBL585502	0
O96028_CHEMBL3108645	CHEMBL1518767	0
O96028_CHEMBL3108645	CHEMBL1698715	0
O96028_CHEMBL3108645	CHEMBL1419311	0
O96028_CHEMBL3108645	CHEMBL1727678	0
O60725_CHEMBL4699	CHEMBL1800360	0
O60725_CHEMBL4699	CHEMBL1800483	1
P26358_CHEMBL1993	CHEMBL4166410	0
P26358_CHEMBL1993	CHEMBL4159955	0
Q99873_CHEMBL5524	CHEMBL1797551	0
Q99873_CHEMBL5524	CHEMBL1797553	0
O96028_CHEMBL3108645	CHEMBL1311895	0
O96028_CHEMBL3108645	CHEMBL1543029	0
O96028_CHEMBL3108645	CHEMBL1735454	0
O96028_CHEMBL3108645	CHEMBL1465938	0
O96028_CHEMBL3108645	CHEMBL246446	0
O96028_CHEMBL3108645	CHEMBL1411673	0
O96028_CHEMBL3108645	CHEMBL3188273	0
O96028_CHEMBL3108645	CHEMBL1613004	0
O96028_CHEMBL3108645	CHEMBL1969046	0
O96028_CHEMBL3108645	CHEMBL1334809	0
Q15910_CHEMBL2189110	CHEMBL4454476	0
Q15910_CHEMBL2189110	CHEMBL4633923	1
O60725_CHEMBL4699	CHEMBL1800484	0
O60725_CHEMBL4699	CHEMBL1800522	1
Q8TEK3_CHEMBL1795117	CHEMBL2170993	1
Q8TEK3_CHEMBL1795117	CHEMBL2170977	0
Q8TEK3_CHEMBL1795117	CHEMBL2171175	0
P40261_CHEMBL2346486	CHEMBL4439305	1
O96028_CHEMBL3108645	CHEMBL1382760	0
O96028_CHEMBL3108645	CHEMBL1497153	0
O96028_CHEMBL3108645	CHEMBL1472327	0
P26358_CHEMBL1993	CHEMBL560768	0
O60725_CHEMBL4699	CHEMBL2376507	0
P26358_CHEMBL1993	CHEMBL4170114	0
Q99707_CHEMBL2150844	CHEMBL2153711	0
Q99707_CHEMBL2150844	CHEMBL2153703	0
P21964_CHEMBL2023	CHEMBL3799278	0
P21964_CHEMBL2023	CHEMBL3798854	0
P22734_CHEMBL2372	CHEMBL3800482	1
Q15910_CHEMBL2189110	CHEMBL3770104	0
O96028_CHEMBL3108645	CHEMBL1379448	0
O96028_CHEMBL3108645	CHEMBL1356184	0
O96028_CHEMBL3108645	CHEMBL1424694	0
O96028_CHEMBL3108645	CHEMBL1308633	0
O60725_CHEMBL4699	CHEMBL2376505	0
O60678_CHEMBL5891	CHEMBL2325194	0
O60678_CHEMBL5891	CHEMBL2325192	0
P22734_CHEMBL2372	CHEMBL4646544	0
P16455_CHEMBL2864	CHEMBL2171205	1
P16455_CHEMBL2864	CHEMBL485756	1
Q8WTS6_CHEMBL5523	CHEMBL4635353	0
Q9H7B4_CHEMBL2321643	CHEMBL4536672	1
Q9H7B4_CHEMBL2321643	CHEMBL4460836	0
P21964_CHEMBL2023	CHEMBL4164621	0
P16455_CHEMBL2864	CHEMBL1683172	0
P16455_CHEMBL2864	CHEMBL1683163	0
P16455_CHEMBL2864	CHEMBL1683164	0
Q8WTS6_CHEMBL5523	CHEMBL3623753	0
O60725_CHEMBL4699	CHEMBL1800491	0
O60725_CHEMBL4699	CHEMBL1800499	1
O60725_CHEMBL4699	CHEMBL1800479	1
O60725_CHEMBL4699	CHEMBL1800481	0
O60725_CHEMBL4699	CHEMBL1800503	0
O60725_CHEMBL4699	CHEMBL1800514	1
O60725_CHEMBL4699	CHEMBL1800515	0
O60725_CHEMBL4699	CHEMBL1800714	0
O60725_CHEMBL4699	CHEMBL1800715	1
Q15910_CHEMBL2189110	CHEMBL3397331	0
O60725_CHEMBL4699	CHEMBL2376432	0
O60725_CHEMBL4699	CHEMBL2376430	0
Q15910_CHEMBL2189110	CHEMBL3697400	0
Q01984_CHEMBL3241	CHEMBL14656	0
P07607_CHEMBL3160	CHEMBL93086	0
Q15910_CHEMBL2189110	CHEMBL3701008	1
Q15910_CHEMBL2189110	CHEMBL3979717	1
P21964_CHEMBL2023	CHEMBL4163421	1
P21964_CHEMBL2023	CHEMBL4166574	1
P40261_CHEMBL2346486	CHEMBL4436433	0
O60725_CHEMBL4699	CHEMBL4446351	1
Q8TEK3_CHEMBL1795117	CHEMBL101892	0
P40261_CHEMBL2346486	CHEMBL4250689	0
P10938_CHEMBL2331	CHEMBL338311	0
P51580_CHEMBL2500	CHEMBL85234	0
Q15910_CHEMBL2189110	CHEMBL3973277	0
Q86X55_CHEMBL5406	CHEMBL3948358	1
P26358_CHEMBL1993	CHEMBL4096360	0
Q9H7B4_CHEMBL2321643	CHEMBL4452997	0
Q8TEK3_CHEMBL1795117	CHEMBL4092036	0
Q9WVG6_CHEMBL5538	CHEMBL1080820	0
P26358_CHEMBL1993	CHEMBL4162967	0
P26358_CHEMBL1993	CHEMBL4170225	0
P21964_CHEMBL2023	CHEMBL3980370	1
P21964_CHEMBL2023	CHEMBL3948365	0
Q86X55_CHEMBL5406	CHEMBL4092107	0
P40261_CHEMBL2346486	CHEMBL4207500	0
Q15910_CHEMBL2189110	CHEMBL3394231	1
O60725_CHEMBL4699	CHEMBL2376429	0
O60725_CHEMBL4699	CHEMBL2376425	0
O60725_CHEMBL4699	CHEMBL2376426	0
P21964_CHEMBL2023	CHEMBL3798113	0
P26358_CHEMBL1993	CHEMBL4163369	0
P26358_CHEMBL1993	CHEMBL4162957	0
P26358_CHEMBL1993	CHEMBL4174677	0
Q63009_CHEMBL1275220	CHEMBL4075875	0
O60725_CHEMBL4699	CHEMBL1257748	0
O60725_CHEMBL4699	CHEMBL1800708	0
P40261_CHEMBL2346486	CHEMBL4214098	0
P40261_CHEMBL2346486	CHEMBL4542138	0
P45352_CHEMBL4341	CHEMBL439973	0
O43463_CHEMBL1795118	CHEMBL499593	1
Q9H5I1_CHEMBL1795177	CHEMBL4587750	1
Q9H5I1_CHEMBL1795177	CHEMBL4589556	1
Q9H5I1_CHEMBL1795177	CHEMBL4567597	1
Q9H5I1_CHEMBL1795177	CHEMBL4535905	1
P26358_CHEMBL1993	CHEMBL556265	0
O96028_CHEMBL3108645	CHEMBL1523317	0
O96028_CHEMBL3108645	CHEMBL1705697	0
O96028_CHEMBL3108645	CHEMBL1361920	0
O96028_CHEMBL3108645	CHEMBL1566994	0
O96028_CHEMBL3108645	CHEMBL1398855	0
O96028_CHEMBL3108645	CHEMBL1449923	0
O96028_CHEMBL3108645	CHEMBL1733422	0
O96028_CHEMBL3108645	CHEMBL1698802	0
O96028_CHEMBL3108645	CHEMBL1982107	0
O96028_CHEMBL3108645	CHEMBL1564220	0
O96028_CHEMBL3108645	CHEMBL1698845	0
O96028_CHEMBL3108645	CHEMBL1713993	0
O60725_CHEMBL4699	CHEMBL4446048	1
O60725_CHEMBL4699	CHEMBL4583704	1
O60725_CHEMBL4699	CHEMBL4464629	1
Q86X55_CHEMBL5406	CHEMBL468712	0
Q86X55_CHEMBL5406	CHEMBL468926	1
Q86X55_CHEMBL5406	CHEMBL4571873	0
Q86X55_CHEMBL5406	CHEMBL4566775	0
Q86X55_CHEMBL5406	CHEMBL4442972	0
Q86X55_CHEMBL5406	CHEMBL4465824	0
Q86X55_CHEMBL5406	CHEMBL4446999	0
Q86X55_CHEMBL5406	CHEMBL477142	0
Q15910_CHEMBL2189110	CHEMBL3769599	0
P21964_CHEMBL2023	CHEMBL4529597	0
Q8TEK3_CHEMBL1795117	CHEMBL1369614	0
P21964_CHEMBL2023	CHEMBL4448030	0
Q8TEK3_CHEMBL1795117	CHEMBL4083341	0
O60725_CHEMBL4699	CHEMBL1800506	0
Q8TEK3_CHEMBL1795117	CHEMBL4456845	0
P21964_CHEMBL2023	CHEMBL4516338	0
P21964_CHEMBL2023	CHEMBL4583818	1
Q8TEK3_CHEMBL1795117	CHEMBL4575148	0
Q15047_CHEMBL2321646	CHEMBL4589361	0
Q15047_CHEMBL2321646	CHEMBL4453131	0
P21964_CHEMBL2023	CHEMBL4447751	1
P21964_CHEMBL2023	CHEMBL4531460	1
Q99873_CHEMBL5524	CHEMBL408917	0
O96028_CHEMBL3108645	CHEMBL1370257	0
O96028_CHEMBL3108645	CHEMBL1576815	0
O96028_CHEMBL3108645	CHEMBL1470135	0
O96028_CHEMBL3108645	CHEMBL1521897	0
O96028_CHEMBL3108645	CHEMBL1440160	0
O60678_CHEMBL5891	CHEMBL4088513	0
P21964_CHEMBL2023	CHEMBL3425731	0
Q15910_CHEMBL2189110	CHEMBL3397326	0
P26358_CHEMBL1993	CHEMBL4216663	0
P26358_CHEMBL1993	CHEMBL4213346	0
Q15910_CHEMBL2189110	CHEMBL3605443	0
O60725_CHEMBL4699	CHEMBL1257277	0
O60725_CHEMBL4699	CHEMBL1257870	0
O60725_CHEMBL4699	CHEMBL1255997	0
Q8TEK3_CHEMBL1795117	CHEMBL4068051	0
P40261_CHEMBL2346486	CHEMBL4436698	1
Q15910_CHEMBL2189110	CHEMBL3701034	1
Q15910_CHEMBL2189110	CHEMBL3264778	0
Q15910_CHEMBL2189110	CHEMBL3264795	0
Q86X55_CHEMBL5406	CHEMBL3901652	0
Q15910_CHEMBL2189110	CHEMBL3911607	0
O60725_CHEMBL4699	CHEMBL1258210	0
P21964_CHEMBL2023	CHEMBL3800198	1
Q15910_CHEMBL2189110	CHEMBL3697409	1
Q15910_CHEMBL2189110	CHEMBL3697418	1
Q15910_CHEMBL2189110	CHEMBL3697458	1
P26358_CHEMBL1993	CHEMBL4554522	0
Q9H7B4_CHEMBL2321643	CHEMBL4551287	1
O60678_CHEMBL5891	CHEMBL2325184	0
P26358_CHEMBL1993	CHEMBL4454542	0
O60678_CHEMBL5891	CHEMBL4101037	0
P21964_CHEMBL2023	CHEMBL4174117	1
Q15910_CHEMBL2189110	CHEMBL4634950	0
Q86X55_CHEMBL5406	CHEMBL4434695	0
Q86X55_CHEMBL5406	CHEMBL1802457	0
Q8TEK3_CHEMBL1795117	CHEMBL2170998	0
P26358_CHEMBL1993	CHEMBL4159604	0
P26358_CHEMBL1993	CHEMBL4173668	0
Q8TEK3_CHEMBL1795117	CHEMBL2171172	1
Q15910_CHEMBL2189110	CHEMBL3264772	0
Q15910_CHEMBL2189110	CHEMBL3701020	1
Q15910_CHEMBL2189110	CHEMBL3701028	1
Q86X55_CHEMBL5406	CHEMBL4539978	0
P26358_CHEMBL1993	CHEMBL4217747	0
P26358_CHEMBL1993	CHEMBL4206071	0
P26358_CHEMBL1993	CHEMBL4207526	0
O60678_CHEMBL5891	CHEMBL2325442	0
P21964_CHEMBL2023	CHEMBL4176008	1
Q86X55_CHEMBL5406	CHEMBL4576510	0
Q86X55_CHEMBL5406	CHEMBL4469882	0
P22734_CHEMBL2372	CHEMBL4463709	1
O60678_CHEMBL5891	CHEMBL4068520	0
Q15910_CHEMBL2189110	CHEMBL3971862	1
Q99873_CHEMBL5524	CHEMBL4087803	0
O96028_CHEMBL3108645	CHEMBL1502018	0
O96028_CHEMBL3108645	CHEMBL1340285	0
O96028_CHEMBL3108645	CHEMBL224916	0
O96028_CHEMBL3108645	CHEMBL1984240	0
O96028_CHEMBL3108645	CHEMBL1473059	0
O96028_CHEMBL3108645	CHEMBL1335687	0
Q63009_CHEMBL1275220	CHEMBL1617447	0
Q86X55_CHEMBL5406	CHEMBL4461883	1
Q9H5I1_CHEMBL1795177	CHEMBL4585143	1
Q8TEK3_CHEMBL1795117	CHEMBL4589517	0
Q15910_CHEMBL2189110	CHEMBL3264765	0
P21964_CHEMBL2023	CHEMBL3289429	0
Q9H7B4_CHEMBL2321643	CHEMBL4473729	1
Q9H7B4_CHEMBL2321643	CHEMBL4465394	1
Q9H5I1_CHEMBL1795177	CHEMBL4564004	1
P22734_CHEMBL2372	CHEMBL4634215	0
P22734_CHEMBL2372	CHEMBL4646238	0
P21964_CHEMBL2023	CHEMBL4163083	0
Q15910_CHEMBL2189110	CHEMBL3824229	0
Q9H5I1_CHEMBL1795177	CHEMBL4539760	1
Q9H5I1_CHEMBL1795177	CHEMBL4560580	1
Q9H5I1_CHEMBL1795177	CHEMBL4573507	1
Q9H5I1_CHEMBL1795177	CHEMBL4530218	1
Q9H5I1_CHEMBL1795177	CHEMBL4551290	1
Q9H5I1_CHEMBL1795177	CHEMBL4528102	1
Q9H5I1_CHEMBL1795177	CHEMBL4573226	1
Q9H5I1_CHEMBL1795177	CHEMBL4567185	1
Q9H5I1_CHEMBL1795177	CHEMBL4553086	1
Q9H5I1_CHEMBL1795177	CHEMBL4581193	1
Q9H7B4_CHEMBL2321643	CHEMBL4541197	0
Q9H7B4_CHEMBL2321643	CHEMBL4459513	0
Q9H7B4_CHEMBL2321643	CHEMBL4530816	0
O60725_CHEMBL4699	CHEMBL4468997	1
Q86X55_CHEMBL5406	CHEMBL4469811	0
Q86X55_CHEMBL5406	CHEMBL4585652	0
Q15910_CHEMBL2189110	CHEMBL3397319	0
Q9H5I1_CHEMBL1795177	CHEMBL4542013	1
Q9H5I1_CHEMBL1795177	CHEMBL4566074	1
O60725_CHEMBL4699	CHEMBL3823651	0
P40261_CHEMBL2346486	CHEMBL4576615	0
Q9H7B4_CHEMBL2321643	CHEMBL4472455	0
Q9H7B4_CHEMBL2321643	CHEMBL4521324	1
P21964_CHEMBL2023	CHEMBL4438114	0
Q8TEK3_CHEMBL1795117	CHEMBL4581242	0
Q15910_CHEMBL2189110	CHEMBL3700998	1
Q15910_CHEMBL2189110	CHEMBL3697402	0
Q15910_CHEMBL2189110	CHEMBL3697423	1
Q15910_CHEMBL2189110	CHEMBL3701044	1
Q9H5I1_CHEMBL1795177	CHEMBL4568319	1
Q9H5I1_CHEMBL1795177	CHEMBL4566186	1
P22734_CHEMBL2372	CHEMBL4646943	1
Q86X55_CHEMBL5406	CHEMBL4548920	1
Q9H5I1_CHEMBL1795177	CHEMBL4557658	1
Q9H5I1_CHEMBL1795177	CHEMBL4593919	1
O96028_CHEMBL3108645	CHEMBL1605867	0
Q15910_CHEMBL2189110	CHEMBL4162499	1
P26358_CHEMBL1993	CHEMBL2385821	0
P22734_CHEMBL2372	CHEMBL3274781	0
Q15910_CHEMBL2189110	CHEMBL3701012	1
Q15910_CHEMBL2189110	CHEMBL3701049	1
P16455_CHEMBL2864	CHEMBL4454794	1
Q15910_CHEMBL2189110	CHEMBL3701050	1
Q15910_CHEMBL2189110	CHEMBL3701018	1
Q15910_CHEMBL2189110	CHEMBL3701003	0
P40261_CHEMBL2346486	CHEMBL4238968	0
Q9H5I1_CHEMBL1795177	CHEMBL4566587	1
Q8TEK3_CHEMBL1795117	CHEMBL4115320	1
Q8TEK3_CHEMBL1795117	CHEMBL4106621	1
Q8TEK3_CHEMBL1795117	CHEMBL4107217	1
P26358_CHEMBL1993	CHEMBL4204903	0
Q9H5I1_CHEMBL1795177	CHEMBL4573294	1
Q8WTS6_CHEMBL5523	CHEMBL4639017	0
Q8WTS6_CHEMBL5523	CHEMBL4639453	0
Q86X55_CHEMBL5406	CHEMBL4476361	0
Q86X55_CHEMBL5406	CHEMBL4541983	0
Q8WTS6_CHEMBL5523	CHEMBL4632902	0
Q15910_CHEMBL2189110	CHEMBL4639569	1
Q15910_CHEMBL2189110	CHEMBL3605439	0
Q15910_CHEMBL2189110	CHEMBL3605438	0
Q9NVM4_CHEMBL3562175	CHEMBL3577854	0
Q15910_CHEMBL2189110	CHEMBL3697399	0
Q15910_CHEMBL2189110	CHEMBL3697401	0
Q15910_CHEMBL2189110	CHEMBL3701019	1
P22734_CHEMBL2372	CHEMBL4649455	0
P22734_CHEMBL2372	CHEMBL4636840	0
Q86X55_CHEMBL5406	CHEMBL4460270	0
Q9H5I1_CHEMBL1795177	CHEMBL4520770	1
Q9H5I1_CHEMBL1795177	CHEMBL4584744	1
Q9H5I1_CHEMBL1795177	CHEMBL4539927	1
Q9H5I1_CHEMBL1795177	CHEMBL4555816	1
Q9H5I1_CHEMBL1795177	CHEMBL4552888	1
Q9H5I1_CHEMBL1795177	CHEMBL4521637	1
Q9H5I1_CHEMBL1795177	CHEMBL4554934	1
Q9H5I1_CHEMBL1795177	CHEMBL4551056	1
Q9H5I1_CHEMBL1795177	CHEMBL4558028	1
Q9H5I1_CHEMBL1795177	CHEMBL4552242	1
Q9H5I1_CHEMBL1795177	CHEMBL4593686	1
Q9H5I1_CHEMBL1795177	CHEMBL4549654	1
Q9H5I1_CHEMBL1795177	CHEMBL4566916	1
Q9H5I1_CHEMBL1795177	CHEMBL4546598	1
Q9H5I1_CHEMBL1795177	CHEMBL4582832	1
Q9H5I1_CHEMBL1795177	CHEMBL4590108	1
Q9H5I1_CHEMBL1795177	CHEMBL4534751	1
Q9H5I1_CHEMBL1795177	CHEMBL4584618	1
Q9H5I1_CHEMBL1795177	CHEMBL4583879	1
Q8TEK3_CHEMBL1795117	CHEMBL2297965	0
Q96LA8_CHEMBL1275221	CHEMBL3780979	0
Q96LA8_CHEMBL1275221	CHEMBL437	0
Q15910_CHEMBL2189110	CHEMBL3771343	1
Q15910_CHEMBL2189110	CHEMBL3770626	0
Q15910_CHEMBL2189110	CHEMBL3771140	0
Q15910_CHEMBL2189110	CHEMBL3769574	0
Q15910_CHEMBL2189110	CHEMBL3697406	0
Q15910_CHEMBL2189110	CHEMBL3397317	0
Q9H5I1_CHEMBL1795177	CHEMBL4565001	1
Q9H5I1_CHEMBL1795177	CHEMBL4525915	1
Q9H5I1_CHEMBL1795177	CHEMBL4579876	1
Q9H5I1_CHEMBL1795177	CHEMBL4551654	1
Q99873_CHEMBL5524	CHEMBL4066479	0
Q15910_CHEMBL2189110	CHEMBL3264763	0
Q15910_CHEMBL2189110	CHEMBL3264786	1
P40261_CHEMBL2346486	CHEMBL4240164	0
Q8TEK3_CHEMBL1795117	CHEMBL4587469	1
P21964_CHEMBL2023	CHEMBL4551380	0
P26358_CHEMBL1993	CHEMBL4208522	0
Q9H5I1_CHEMBL1795177	CHEMBL4566314	1
Q9H5I1_CHEMBL1795177	CHEMBL4569764	1
Q9H5I1_CHEMBL1795177	CHEMBL4561885	1
Q9H5I1_CHEMBL1795177	CHEMBL4550036	1
Q15910_CHEMBL2189110	CHEMBL4645357	1
Q15910_CHEMBL2189110	CHEMBL3605440	0
Q15910_CHEMBL2189110	CHEMBL4641719	0
Q9BV86_CHEMBL4523442	CHEMBL4575245	0
Q9BV86_CHEMBL4523442	CHEMBL4468450	0
Q9H7B4_CHEMBL2321643	CHEMBL4450314	0
Q15910_CHEMBL2189110	CHEMBL4633751	1
Q8WTS6_CHEMBL5523	CHEMBL151	0
O60725_CHEMBL4699	CHEMBL3822621	0
P40261_CHEMBL2346486	CHEMBL4517536	0
Q8TEK3_CHEMBL1795117	CHEMBL99668	0
Q8TEK3_CHEMBL1795117	CHEMBL1814776	0
Q8TEK3_CHEMBL1795117	CHEMBL4441282	0
O60678_CHEMBL5891	CHEMBL4059940	0
O60678_CHEMBL5891	CHEMBL4086964	1
O60678_CHEMBL5891	CHEMBL4067331	0
P26358_CHEMBL1993	CHEMBL1489	0
Q9H7B4_CHEMBL2321643	CHEMBL4445957	0
Q8TEK3_CHEMBL1795117	CHEMBL4436922	1
Q8TEK3_CHEMBL1795117	CHEMBL4475242	0
Q9H7B4_CHEMBL2321643	CHEMBL4521928	1
Q15910_CHEMBL2189110	CHEMBL3397325	0
Q15910_CHEMBL2189110	CHEMBL3397328	0
Q15047_CHEMBL2321646	CHEMBL4455427	0
Q9H5I1_CHEMBL1795177	CHEMBL4555683	1
Q9H5I1_CHEMBL1795177	CHEMBL4553131	1
Q9H5I1_CHEMBL1795177	CHEMBL4563401	1
Q9H5I1_CHEMBL1795177	CHEMBL4483649	1
O96028_CHEMBL3108645	CHEMBL1529285	0
O96028_CHEMBL3108645	CHEMBL1308055	0
O60678_CHEMBL5891	CHEMBL4076640	1
P21964_CHEMBL2023	CHEMBL3425733	0
P21964_CHEMBL2023	CHEMBL3425728	0
P21964_CHEMBL2023	CHEMBL3425513	0
P26358_CHEMBL1993	CHEMBL3414632	0
P26358_CHEMBL1993	CHEMBL318782	0
P26358_CHEMBL1993	CHEMBL3109078	0
Q8WTS6_CHEMBL5523	CHEMBL3623769	0
P13864_CHEMBL3351195	CHEMBL3358029	0
P21964_CHEMBL2023	CHEMBL3425730	0
Q86X55_CHEMBL5406	CHEMBL4078448	0
Q15910_CHEMBL2189110	CHEMBL4649585	0
Q15910_CHEMBL2189110	CHEMBL4635610	0
Q9H5I1_CHEMBL1795177	CHEMBL4578743	1
Q9H5I1_CHEMBL1795177	CHEMBL4589883	1
Q9H5I1_CHEMBL1795177	CHEMBL4555762	1
Q9H5I1_CHEMBL1795177	CHEMBL4535273	1
Q9H5I1_CHEMBL1795177	CHEMBL4570394	1
Q9H5I1_CHEMBL1795177	CHEMBL4591697	1
Q9H5I1_CHEMBL1795177	CHEMBL4579048	1
Q9H5I1_CHEMBL1795177	CHEMBL4536624	1
Q9H5I1_CHEMBL1795177	CHEMBL4566120	1
Q9H5I1_CHEMBL1795177	CHEMBL4577547	1
Q9H5I1_CHEMBL1795177	CHEMBL4535565	1
Q9H5I1_CHEMBL1795177	CHEMBL4579579	1
Q9H5I1_CHEMBL1795177	CHEMBL4580746	1
Q9H5I1_CHEMBL1795177	CHEMBL4543726	1
Q9H5I1_CHEMBL1795177	CHEMBL4588422	1
Q9H5I1_CHEMBL1795177	CHEMBL4571521	1
Q9H5I1_CHEMBL1795177	CHEMBL4530674	1
Q9H5I1_CHEMBL1795177	CHEMBL4553698	1
Q9H5I1_CHEMBL1795177	CHEMBL4543057	1
Q9H5I1_CHEMBL1795177	CHEMBL4536456	1
Q9H5I1_CHEMBL1795177	CHEMBL4547256	1
Q9H5I1_CHEMBL1795177	CHEMBL4542763	1
Q9H5I1_CHEMBL1795177	CHEMBL4543334	1
Q9H5I1_CHEMBL1795177	CHEMBL4556599	1
Q86X55_CHEMBL5406	CHEMBL3781284	1
Q63009_CHEMBL1275220	CHEMBL4078812	0
P21964_CHEMBL2023	CHEMBL4173001	0
Q9H5I1_CHEMBL1795177	CHEMBL4550138	1
Q9H5I1_CHEMBL1795177	CHEMBL4550153	1
Q9H5I1_CHEMBL1795177	CHEMBL4534069	1
Q9H5I1_CHEMBL1795177	CHEMBL4585495	1
Q9H5I1_CHEMBL1795177	CHEMBL4586262	1
Q9H5I1_CHEMBL1795177	CHEMBL4520617	1
Q9H5I1_CHEMBL1795177	CHEMBL4483720	1
Q9H5I1_CHEMBL1795177	CHEMBL4594029	1
Q8TEK3_CHEMBL1795117	CHEMBL4535054	0
Q9H5I1_CHEMBL1795177	CHEMBL4544836	1
Q9H5I1_CHEMBL1795177	CHEMBL4571376	1
Q9H5I1_CHEMBL1795177	CHEMBL4559856	1
Q15910_CHEMBL2189110	CHEMBL4646490	1
P40261_CHEMBL2346486	CHEMBL4218043	0
P22734_CHEMBL2372	CHEMBL4648330	0
Q15910_CHEMBL2189110	CHEMBL4649131	1
Q99873_CHEMBL5524	CHEMBL4096433	0
Q8TEK3_CHEMBL1795117	CHEMBL4469355	0
P21964_CHEMBL2023	CHEMBL4454788	0
O96028_CHEMBL3108645	CHEMBL55415	0
Q9H5I1_CHEMBL1795177	CHEMBL4559066	1
Q9H5I1_CHEMBL1795177	CHEMBL4579635	1
Q9H5I1_CHEMBL1795177	CHEMBL4539994	1
Q9H5I1_CHEMBL1795177	CHEMBL4573065	1
Q9H5I1_CHEMBL1795177	CHEMBL4528680	1
Q9H5I1_CHEMBL1795177	CHEMBL4483091	1
Q9H5I1_CHEMBL1795177	CHEMBL4542129	1
Q15910_CHEMBL2189110	CHEMBL4549862	0
Q15910_CHEMBL2189110	CHEMBL4525296	0
P26358_CHEMBL1993	CHEMBL4640870	0
P21964_CHEMBL2023	CHEMBL3425722	0
P21964_CHEMBL2023	CHEMBL4435468	1
Q99873_CHEMBL5524	CHEMBL2046454	0
P26358_CHEMBL1993	CHEMBL4205136	0
P26358_CHEMBL1993	CHEMBL4209267	0
P40261_CHEMBL2346486	CHEMBL4522203	0
P40261_CHEMBL2346486	CHEMBL4556842	1
P26358_CHEMBL1993	CHEMBL4217087	0
P26358_CHEMBL1993	CHEMBL4210910	0
Q8WTS6_CHEMBL5523	CHEMBL4641673	0
P26358_CHEMBL1993	CHEMBL4212905	1
P26358_CHEMBL1993	CHEMBL4212380	0
P26358_CHEMBL1993	CHEMBL4208425	0
Q15910_CHEMBL2189110	CHEMBL4641325	1
O60678_CHEMBL5891	CHEMBL4061429	1
O60678_CHEMBL5891	CHEMBL4090682	0
Q99873_CHEMBL5524	CHEMBL55	0
Q15910_CHEMBL2189110	CHEMBL3264766	0
P26358_CHEMBL1993	CHEMBL4170228	0
P26358_CHEMBL1993	CHEMBL4159597	0
Q15910_CHEMBL2189110	CHEMBL3701027	1
Q15910_CHEMBL2189110	CHEMBL4635863	1
Q15910_CHEMBL2189110	CHEMBL4643252	1
Q15910_CHEMBL2189110	CHEMBL4637305	0
Q86X55_CHEMBL5406	CHEMBL4436627	1
O60725_CHEMBL4699	CHEMBL4569917	0
Q9H5I1_CHEMBL1795177	CHEMBL4553462	1
Q9H5I1_CHEMBL1795177	CHEMBL4515431	1
Q9H5I1_CHEMBL1795177	CHEMBL4529197	1
Q99873_CHEMBL5524	CHEMBL4091141	0
Q8WTS6_CHEMBL5523	CHEMBL3623751	0
Q9H7B4_CHEMBL2321643	CHEMBL4557510	1
Q99873_CHEMBL5524	CHEMBL4632868	0
Q9HBK9_CHEMBL4295950	CHEMBL4287966	0
Q8WTS6_CHEMBL5523	CHEMBL4645963	0
Q9H5I1_CHEMBL1795177	CHEMBL4544958	1
Q9H5I1_CHEMBL1795177	CHEMBL4549776	1
Q15910_CHEMBL2189110	CHEMBL3264762	0
Q15910_CHEMBL2189110	CHEMBL4633299	0
Q15910_CHEMBL2189110	CHEMBL4639520	0
P21964_CHEMBL2023	CHEMBL4639358	1
P22734_CHEMBL2372	CHEMBL4648085	0
P22734_CHEMBL2372	CHEMBL4637888	0
P22734_CHEMBL2372	CHEMBL4639456	0
Q86X55_CHEMBL5406	CHEMBL4562158	0
Q8TEK3_CHEMBL1795117	CHEMBL4446348	0
P40261_CHEMBL2346486	CHEMBL4466178	1
Q9BV86_CHEMBL4523442	CHEMBL4633108	0
Q8TEK3_CHEMBL1795117	CHEMBL4587034	0
P21964_CHEMBL2023	CHEMBL4632987	0
P22734_CHEMBL2372	CHEMBL4645261	0
Q9H5I1_CHEMBL1795177	CHEMBL4546528	1
Q9H5I1_CHEMBL1795177	CHEMBL4592539	1
Q9H5I1_CHEMBL1795177	CHEMBL4564150	1
Q9H5I1_CHEMBL1795177	CHEMBL4526034	1
Q9H5I1_CHEMBL1795177	CHEMBL4593564	1
Q9H5I1_CHEMBL1795177	CHEMBL4583823	1
Q15910_CHEMBL2189110	CHEMBL4638720	1
Q8WTS6_CHEMBL5523	CHEMBL4645328	0
Q99873_CHEMBL5524	CHEMBL4640252	0
Q15910_CHEMBL2189110	CHEMBL3697420	1
P40261_CHEMBL2346486	CHEMBL4454317	0
Q8WTS6_CHEMBL5523	CHEMBL348199	0
P34897_CHEMBL4295747	CHEMBL4454284	0
Q9H5I1_CHEMBL1795177	CHEMBL4578479	1
Q9H5I1_CHEMBL1795177	CHEMBL4525050	1
Q9H5I1_CHEMBL1795177	CHEMBL4586940	1
Q9H5I1_CHEMBL1795177	CHEMBL4541402	1
Q9H5I1_CHEMBL1795177	CHEMBL4553786	1
Q9H5I1_CHEMBL1795177	CHEMBL4530406	1
Q9H5I1_CHEMBL1795177	CHEMBL4565632	1
Q9H5I1_CHEMBL1795177	CHEMBL4525814	1
Q15910_CHEMBL2189110	CHEMBL4645698	0
Q15910_CHEMBL2189110	CHEMBL4646059	0
Q15910_CHEMBL2189110	CHEMBL4647553	1
Q15910_CHEMBL2189110	CHEMBL4640284	0
Q99873_CHEMBL5524	CHEMBL4640122	0
O60725_CHEMBL4699	CHEMBL3822563	0
Q9H7B4_CHEMBL2321643	CHEMBL3797419	0
Q9H5I1_CHEMBL1795177	CHEMBL4520588	1
Q15910_CHEMBL2189110	CHEMBL4520484	1
Q15910_CHEMBL2189110	CHEMBL4535178	1
Q9H5I1_CHEMBL1795177	CHEMBL4585347	1
Q9H5I1_CHEMBL1795177	CHEMBL4581630	1
Q9H5I1_CHEMBL1795177	CHEMBL4588714	1
Q9H5I1_CHEMBL1795177	CHEMBL4556449	1
Q9H5I1_CHEMBL1795177	CHEMBL4483680	1
Q9H5I1_CHEMBL1795177	CHEMBL4559113	1
Q9H5I1_CHEMBL1795177	CHEMBL4520078	1
Q9H5I1_CHEMBL1795177	CHEMBL4585867	1
Q9H5I1_CHEMBL1795177	CHEMBL4559601	1
Q9H5I1_CHEMBL1795177	CHEMBL4539609	1
Q99873_CHEMBL5524	CHEMBL3409549	0
Q15910_CHEMBL2189110	CHEMBL3770788	0
P22734_CHEMBL2372	CHEMBL4642660	0
Q15047_CHEMBL2321646	CHEMBL4576037	0
Q8WTS6_CHEMBL5523	CHEMBL9470	0
P22734_CHEMBL2372	CHEMBL4638572	0
Q8WTS6_CHEMBL5523	CHEMBL28626	0
