CHEMBL4502	CHEMBL2311128	1
CHEMBL2966	CHEMBL606664	1
CHEMBL2912	CHEMBL157949	1
CHEMBL2966	CHEMBL3143088	1
CHEMBL2966	CHEMBL284483	1
CHEMBL2966	CHEMBL433164	1
CHEMBL2242733	CHEMBL1160282	1
CHEMBL2966	CHEMBL37181	1
CHEMBL2966	CHEMBL17825	1
CHEMBL1910	CHEMBL340297	1
CHEMBL2966	CHEMBL3143087	1
CHEMBL1910	CHEMBL1555103	1
CHEMBL1910	CHEMBL115824	1
CHEMBL1910	CHEMBL93280	1
CHEMBL2966	CHEMBL1181730	1
CHEMBL2966	CHEMBL42063	1
CHEMBL202	CHEMBL396296	1
CHEMBL2966	CHEMBL65628	1
CHEMBL1910	CHEMBL93560	1
CHEMBL1910	CHEMBL436332	1
CHEMBL4502	CHEMBL2311129	1
CHEMBL2912	CHEMBL288742	1
CHEMBL2912	CHEMBL37079	1
CHEMBL2966	CHEMBL18838	1
CHEMBL2966	CHEMBL37183	1
CHEMBL2966	CHEMBL35724	1
CHEMBL2966	CHEMBL43261	1
CHEMBL1910	CHEMBL359803	1
CHEMBL2966	CHEMBL123910	1
CHEMBL2966	CHEMBL35777	1
CHEMBL2966	CHEMBL295417	1
CHEMBL2966	CHEMBL81390	1
CHEMBL2966	CHEMBL329644	1
CHEMBL2966	CHEMBL363042	1
CHEMBL2966	CHEMBL4205307	1
CHEMBL2966	CHEMBL1580	1
CHEMBL2966	CHEMBL2310914	1
CHEMBL1075051	CHEMBL76	1
CHEMBL2966	CHEMBL311182	1
CHEMBL2966	CHEMBL606665	1
CHEMBL2110	CHEMBL2367576	1
CHEMBL1910	CHEMBL332298	1
CHEMBL1910	CHEMBL1651379	1
CHEMBL2966	CHEMBL132135	1
CHEMBL1910	CHEMBL338076	1
CHEMBL2912	CHEMBL157743	1
CHEMBL1910	CHEMBL1651380	1
CHEMBL2912	CHEMBL346360	1
CHEMBL2966	CHEMBL4206867	1
CHEMBL2966	CHEMBL4211702	1
CHEMBL2966	CHEMBL4214511	1
CHEMBL1910	CHEMBL1651377	1
CHEMBL1910	CHEMBL604966	1
CHEMBL2966	CHEMBL335918	1
CHEMBL202	CHEMBL36	1
CHEMBL1910	CHEMBL92404	1
CHEMBL2966	CHEMBL290381	1
CHEMBL1910	CHEMBL333809	1
CHEMBL2912	CHEMBL160174	1
CHEMBL2997	CHEMBL36045	1
CHEMBL1910	CHEMBL328139	1
CHEMBL2912	CHEMBL346040	1
CHEMBL1910	CHEMBL125386	1
CHEMBL2110	CHEMBL604436	1
CHEMBL2966	CHEMBL332871	1
CHEMBL2966	CHEMBL127469	1
CHEMBL2966	CHEMBL18433	1
CHEMBL2966	CHEMBL334896	1
CHEMBL4502	CHEMBL3658873	1
CHEMBL2912	CHEMBL158136	1
CHEMBL2966	CHEMBL35357	1
CHEMBL1910	CHEMBL125038	1
CHEMBL1910	CHEMBL441738	1
CHEMBL4502	CHEMBL3665107	1
CHEMBL2912	CHEMBL157426	1
CHEMBL2912	CHEMBL280097	1
CHEMBL1910	CHEMBL124728	1
CHEMBL2966	CHEMBL290030	1
CHEMBL2966	CHEMBL193289	1
CHEMBL2912	CHEMBL350676	1
CHEMBL2912	CHEMBL289398	1
CHEMBL2966	CHEMBL43226	1
CHEMBL1910	CHEMBL334197	1
CHEMBL202	CHEMBL119	1
CHEMBL202	CHEMBL244883	1
CHEMBL2966	CHEMBL322906	1
CHEMBL2966	CHEMBL2368595	1
CHEMBL2966	CHEMBL18078	1
CHEMBL2966	CHEMBL4208733	1
CHEMBL2966	CHEMBL4211238	1
CHEMBL2966	CHEMBL4204605	1
CHEMBL2966	CHEMBL4210264	1
CHEMBL202	CHEMBL251906	1
CHEMBL4502	CHEMBL3658871	1
CHEMBL2966	CHEMBL4206350	1
CHEMBL2966	CHEMBL4218202	1
CHEMBL2966	CHEMBL4215142	1
CHEMBL2966	CHEMBL4207993	1
CHEMBL2966	CHEMBL4203469	1
CHEMBL4502	CHEMBL3658870	1
CHEMBL2966	CHEMBL4209345	1
CHEMBL2966	CHEMBL4218610	1
CHEMBL2966	CHEMBL4208941	1
CHEMBL2966	CHEMBL4214658	1
CHEMBL2966	CHEMBL4206823	1
CHEMBL202	CHEMBL7492	1
CHEMBL2363	CHEMBL54733	1
CHEMBL2363	CHEMBL190026	1
CHEMBL202	CHEMBL376180	1
CHEMBL202	CHEMBL431359	1
CHEMBL202	CHEMBL347088	1
CHEMBL2363	CHEMBL7403	1
CHEMBL202	CHEMBL325434	1
CHEMBL2363	CHEMBL23532	1
CHEMBL202	CHEMBL424170	1
CHEMBL202	CHEMBL170144	1
CHEMBL202	CHEMBL171765	1
CHEMBL202	CHEMBL359144	1
CHEMBL2363	CHEMBL137981	1
CHEMBL202	CHEMBL23867	1
CHEMBL2363	CHEMBL264373	1
CHEMBL2363	CHEMBL389051	1
CHEMBL202	CHEMBL283518	1
CHEMBL2363	CHEMBL79123	1
CHEMBL2363	CHEMBL55656	1
CHEMBL2363	CHEMBL32635	1
CHEMBL202	CHEMBL162312	1
CHEMBL2363	CHEMBL266761	1
CHEMBL202	CHEMBL25888	1
CHEMBL202	CHEMBL78104	1
CHEMBL202	CHEMBL305656	1
CHEMBL202	CHEMBL65620	1
CHEMBL202	CHEMBL343127	1
CHEMBL202	CHEMBL434097	1
CHEMBL202	CHEMBL343271	1
CHEMBL202	CHEMBL293263	1
CHEMBL2363	CHEMBL120994	1
CHEMBL2363	CHEMBL52836	1
CHEMBL202	CHEMBL170900	1
CHEMBL2363	CHEMBL6812	1
CHEMBL2363	CHEMBL120826	1
CHEMBL2363	CHEMBL118237	1
CHEMBL202	CHEMBL22623	1
CHEMBL202	CHEMBL121669	1
CHEMBL2910	CHEMBL324880	1
CHEMBL202	CHEMBL353161	1
CHEMBL2363	CHEMBL327066	1
CHEMBL2363	CHEMBL33038	1
CHEMBL2363	CHEMBL266875	1
CHEMBL1075051	CHEMBL3326813	1
CHEMBL2363	CHEMBL333791	1
CHEMBL1075051	CHEMBL1800938	1
CHEMBL202	CHEMBL278515	1
CHEMBL2363	CHEMBL170846	1
CHEMBL202	CHEMBL323565	1
CHEMBL202	CHEMBL334919	1
CHEMBL202	CHEMBL106628	1
CHEMBL202	CHEMBL440946	1
CHEMBL202	CHEMBL80066	1
CHEMBL202	CHEMBL4071461	1
CHEMBL2363	CHEMBL55928	1
CHEMBL2363	CHEMBL53165	1
CHEMBL2363	CHEMBL22924	1
CHEMBL202	CHEMBL18925	1
CHEMBL202	CHEMBL278345	1
CHEMBL202	CHEMBL18967	1
CHEMBL2363	CHEMBL23220	1
CHEMBL202	CHEMBL164845	1
CHEMBL2363	CHEMBL142741	1
CHEMBL2363	CHEMBL52777	1
CHEMBL2363	CHEMBL55727	1
CHEMBL2363	CHEMBL53974	1
CHEMBL2363	CHEMBL79407	1
CHEMBL2363	CHEMBL57222	1
CHEMBL2363	CHEMBL493717	1
CHEMBL2363	CHEMBL32113	1
CHEMBL202	CHEMBL75944	1
CHEMBL202	CHEMBL333769	1
CHEMBL2363	CHEMBL113816	1
CHEMBL4564	CHEMBL305177	1
CHEMBL2363	CHEMBL266638	1
CHEMBL202	CHEMBL151958	1
CHEMBL2363	CHEMBL103981	1
CHEMBL2363	CHEMBL311439	1
CHEMBL202	CHEMBL77582	1
CHEMBL202	CHEMBL352960	1
CHEMBL202	CHEMBL308758	1
CHEMBL202	CHEMBL74781	1
CHEMBL2363	CHEMBL103971	1
CHEMBL202	CHEMBL301629	1
CHEMBL4564	CHEMBL109229	1
CHEMBL2363	CHEMBL140940	1
CHEMBL2363	CHEMBL82924	1
CHEMBL202	CHEMBL1160181	1
CHEMBL2363	CHEMBL312348	1
CHEMBL202	CHEMBL160699	1
CHEMBL2363	CHEMBL293512	1
CHEMBL2363	CHEMBL31891	1
CHEMBL2363	CHEMBL144839	1
CHEMBL202	CHEMBL3787137	1
CHEMBL4564	CHEMBL113799	1
CHEMBL202	CHEMBL3681402	1
CHEMBL202	CHEMBL353764	1
CHEMBL2363	CHEMBL121264	1
CHEMBL2363	CHEMBL80070	1
CHEMBL2363	CHEMBL300603	1
CHEMBL2363	CHEMBL59530	1
CHEMBL202	CHEMBL74592	1
CHEMBL202	CHEMBL318721	1
CHEMBL202	CHEMBL575223	1
CHEMBL202	CHEMBL584390	1
CHEMBL202	CHEMBL35552	1
CHEMBL202	CHEMBL147469	1
CHEMBL202	CHEMBL162270	1
CHEMBL2363	CHEMBL22672	1
CHEMBL202	CHEMBL281648	1
CHEMBL2363	CHEMBL121319	1
CHEMBL4564	CHEMBL134110	1
CHEMBL202	CHEMBL139551	1
CHEMBL202	CHEMBL277176	1
CHEMBL2363	CHEMBL312667	1
CHEMBL202	CHEMBL349149	1
CHEMBL2363	CHEMBL114354	1
CHEMBL4564	CHEMBL166915	1
CHEMBL2363	CHEMBL36245	1
CHEMBL202	CHEMBL354121	1
CHEMBL2363	CHEMBL55049	1
CHEMBL2363	CHEMBL279679	1
CHEMBL202	CHEMBL1818128	1
CHEMBL202	CHEMBL1738741	1
CHEMBL2363	CHEMBL54399	1
CHEMBL2910	CHEMBL110377	1
CHEMBL2363	CHEMBL144200	1
CHEMBL202	CHEMBL20466	1
CHEMBL2363	CHEMBL312556	1
CHEMBL202	CHEMBL2382314	1
CHEMBL2363	CHEMBL292634	1
CHEMBL1075051	CHEMBL2376081	1
CHEMBL2363	CHEMBL188540	1
CHEMBL2363	CHEMBL88430	1
CHEMBL202	CHEMBL307820	1
CHEMBL202	CHEMBL3681411	1
CHEMBL202	CHEMBL151674	1
CHEMBL202	CHEMBL135935	1
CHEMBL202	CHEMBL1818127	1
CHEMBL202	CHEMBL36083	1
CHEMBL202	CHEMBL151367	1
CHEMBL202	CHEMBL81820	1
CHEMBL2363	CHEMBL7488	1
CHEMBL202	CHEMBL291540	1
CHEMBL2363	CHEMBL309966	1
CHEMBL2363	CHEMBL52688	1
CHEMBL202	CHEMBL2382336	1
CHEMBL202	CHEMBL2382334	1
CHEMBL2363	CHEMBL313553	1
CHEMBL202	CHEMBL58908	1
CHEMBL202	CHEMBL24503	1
CHEMBL2363	CHEMBL312232	1
CHEMBL2363	CHEMBL141698	1
CHEMBL4564	CHEMBL46656	1
CHEMBL2363	CHEMBL147886	1
CHEMBL2363	CHEMBL176332	1
CHEMBL2363	CHEMBL52930	1
CHEMBL202	CHEMBL3681405	1
CHEMBL2363	CHEMBL52953	1
CHEMBL202	CHEMBL149101	1
CHEMBL2363	CHEMBL310397	1
CHEMBL2363	CHEMBL299140	1
CHEMBL2363	CHEMBL57624	1
CHEMBL2363	CHEMBL54913	1
CHEMBL2363	CHEMBL299174	1
CHEMBL2363	CHEMBL23092	1
CHEMBL2363	CHEMBL33136	1
CHEMBL2363	CHEMBL310880	1
CHEMBL202	CHEMBL149273	1
CHEMBL2363	CHEMBL292143	1
CHEMBL2363	CHEMBL120821	1
CHEMBL2363	CHEMBL423560	1
CHEMBL2363	CHEMBL142081	1
CHEMBL2363	CHEMBL114839	1
CHEMBL2363	CHEMBL264548	1
CHEMBL1966	CHEMBL38434	1
CHEMBL202	CHEMBL388501	1
CHEMBL2363	CHEMBL423200	1
CHEMBL2363	CHEMBL123276	1
CHEMBL2363	CHEMBL121683	1
CHEMBL2363	CHEMBL140705	1
CHEMBL2363	CHEMBL57682	1
CHEMBL2363	CHEMBL115788	1
CHEMBL2363	CHEMBL334271	1
CHEMBL2363	CHEMBL52433	1
CHEMBL2363	CHEMBL121348	1
CHEMBL2363	CHEMBL123122	1
CHEMBL2363	CHEMBL84457	1
CHEMBL2363	CHEMBL427605	1
CHEMBL4564	CHEMBL45679	1
CHEMBL2363	CHEMBL53903	1
CHEMBL202	CHEMBL309160	1
CHEMBL202	CHEMBL280378	1
CHEMBL2363	CHEMBL492896	1
CHEMBL2363	CHEMBL522543	1
CHEMBL2363	CHEMBL117750	1
CHEMBL2363	CHEMBL179102	1
CHEMBL202	CHEMBL485959	1
CHEMBL202	CHEMBL170837	1
CHEMBL202	CHEMBL486570	1
CHEMBL202	CHEMBL57582	1
CHEMBL202	CHEMBL3786413	1
CHEMBL202	CHEMBL65616	1
CHEMBL202	CHEMBL3931887	1
CHEMBL202	CHEMBL1818129	1
CHEMBL4564	CHEMBL526243	1
CHEMBL202	CHEMBL145979	1
CHEMBL202	CHEMBL420755	1
CHEMBL202	CHEMBL173617	1
CHEMBL2363	CHEMBL266024	1
CHEMBL2363	CHEMBL35222	1
CHEMBL202	CHEMBL441298	1
CHEMBL2363	CHEMBL54538	1
CHEMBL202	CHEMBL39851	1
CHEMBL202	CHEMBL2335421	1
CHEMBL202	CHEMBL425048	1
CHEMBL202	CHEMBL353621	1
CHEMBL202	CHEMBL282022	1
CHEMBL4564	CHEMBL296190	1
CHEMBL202	CHEMBL23447	1
CHEMBL202	CHEMBL551049	1
CHEMBL2363	CHEMBL81995	1
CHEMBL202	CHEMBL353929	1
CHEMBL2363	CHEMBL23705	1
CHEMBL202	CHEMBL150082	1
CHEMBL202	CHEMBL150317	1
CHEMBL202	CHEMBL151109	1
CHEMBL2363	CHEMBL49454	1
CHEMBL2363	CHEMBL747	1
CHEMBL2363	CHEMBL53318	1
CHEMBL202	CHEMBL344592	1
CHEMBL202	CHEMBL1163286	1
CHEMBL202	CHEMBL1164234	1
CHEMBL202	CHEMBL296373	1
CHEMBL202	CHEMBL36739	1
CHEMBL2363	CHEMBL139485	1
CHEMBL2363	CHEMBL53693	1
CHEMBL2363	CHEMBL144563	1
CHEMBL202	CHEMBL157857	1
CHEMBL2363	CHEMBL6877	1
CHEMBL202	CHEMBL334307	1
CHEMBL202	CHEMBL146968	1
CHEMBL202	CHEMBL308279	1
CHEMBL2363	CHEMBL6970	1
CHEMBL2363	CHEMBL137844	1
CHEMBL202	CHEMBL1161155	1
CHEMBL202	CHEMBL2335417	1
CHEMBL2363	CHEMBL55179	1
CHEMBL2363	CHEMBL78578	1
CHEMBL2363	CHEMBL147828	1
CHEMBL202	CHEMBL294377	1
CHEMBL2363	CHEMBL493718	1
CHEMBL202	CHEMBL1270734	1
CHEMBL202	CHEMBL3234324	1
CHEMBL2363	CHEMBL7452	1
CHEMBL4564	CHEMBL69016	1
CHEMBL2363	CHEMBL7586	1
CHEMBL202	CHEMBL307486	1
CHEMBL202	CHEMBL24374	1
CHEMBL2363	CHEMBL356490	1
CHEMBL2363	CHEMBL17287	1
CHEMBL2363	CHEMBL145528	1
CHEMBL4564	CHEMBL27514	1
CHEMBL4564	CHEMBL46140	1
CHEMBL202	CHEMBL69713	1
CHEMBL1075051	CHEMBL3115740	1
CHEMBL4564	CHEMBL414206	1
CHEMBL202	CHEMBL1818126	1
CHEMBL202	CHEMBL1818121	1
CHEMBL202	CHEMBL141648	1
CHEMBL202	CHEMBL274031	1
CHEMBL202	CHEMBL564937	1
CHEMBL202	CHEMBL165955	1
CHEMBL202	CHEMBL341703	1
CHEMBL2363	CHEMBL23244	1
CHEMBL2363	CHEMBL23374	1
CHEMBL4564	CHEMBL164823	1
CHEMBL202	CHEMBL92583	1
CHEMBL202	CHEMBL443763	1
CHEMBL202	CHEMBL83644	1
CHEMBL2363	CHEMBL24007	1
CHEMBL2363	CHEMBL267437	1
CHEMBL2363	CHEMBL88555	1
CHEMBL2363	CHEMBL268584	1
CHEMBL2363	CHEMBL7049	1
CHEMBL202	CHEMBL20975	1
CHEMBL202	CHEMBL1818108	1
CHEMBL202	CHEMBL1818115	1
CHEMBL2363	CHEMBL415962	1
CHEMBL2363	CHEMBL299927	1
CHEMBL2363	CHEMBL54732	1
CHEMBL2363	CHEMBL178904	1
CHEMBL2363	CHEMBL52947	1
CHEMBL2363	CHEMBL80065	1
CHEMBL202	CHEMBL1164279	1
CHEMBL4564	CHEMBL8210	1
CHEMBL202	CHEMBL4099755	1
CHEMBL2363	CHEMBL312785	1
CHEMBL202	CHEMBL147124	1
CHEMBL2363	CHEMBL7571	1
CHEMBL2363	CHEMBL79182	1
CHEMBL202	CHEMBL389643	1
CHEMBL4564	CHEMBL47316	1
CHEMBL2363	CHEMBL17232	1
CHEMBL202	CHEMBL151451	1
CHEMBL202	CHEMBL56977	1
CHEMBL2363	CHEMBL268310	1
CHEMBL202	CHEMBL2151066	1
CHEMBL202	CHEMBL2382316	1
CHEMBL202	CHEMBL134561	1
CHEMBL202	CHEMBL148577	1
CHEMBL202	CHEMBL65711	1
CHEMBL202	CHEMBL61356	1
CHEMBL202	CHEMBL23963	1
CHEMBL202	CHEMBL336487	1
CHEMBL202	CHEMBL58366	1
CHEMBL202	CHEMBL350730	1
CHEMBL2363	CHEMBL367802	1
CHEMBL2363	CHEMBL370239	1
CHEMBL202	CHEMBL167304	1
CHEMBL202	CHEMBL4105330	1
CHEMBL1075051	CHEMBL3115742	1
CHEMBL202	CHEMBL2382332	1
CHEMBL2363	CHEMBL2382329	1
CHEMBL202	CHEMBL2261432	1
CHEMBL202	CHEMBL23713	1
CHEMBL202	CHEMBL33045	1
CHEMBL202	CHEMBL3952384	1
CHEMBL202	CHEMBL1818124	1
CHEMBL202	CHEMBL61857	1
CHEMBL2363	CHEMBL55063	1
CHEMBL202	CHEMBL3121472	1
CHEMBL1075051	CHEMBL2414370	1
CHEMBL202	CHEMBL2382335	1
CHEMBL202	CHEMBL2382326	1
CHEMBL2363	CHEMBL103086	1
CHEMBL202	CHEMBL1818106	1
CHEMBL202	CHEMBL1818111	1
CHEMBL202	CHEMBL1818110	1
CHEMBL2363	CHEMBL417746	1
CHEMBL202	CHEMBL23609	1
CHEMBL202	CHEMBL23076	1
CHEMBL2363	CHEMBL292427	1
CHEMBL202	CHEMBL2261696	1
CHEMBL2363	CHEMBL301795	1
CHEMBL2363	CHEMBL23227	1
CHEMBL2363	CHEMBL281131	1
CHEMBL4564	CHEMBL41056	1
CHEMBL1075051	CHEMBL3946592	1
CHEMBL202	CHEMBL109260	1
CHEMBL202	CHEMBL2335423	1
CHEMBL2363	CHEMBL3244859	1
CHEMBL202	CHEMBL1165306	1
CHEMBL202	CHEMBL3128021	1
CHEMBL202	CHEMBL121057	1
CHEMBL202	CHEMBL141576	1
CHEMBL2363	CHEMBL137942	1
CHEMBL2363	CHEMBL32190	1
CHEMBL1075051	CHEMBL1800944	1
CHEMBL2363	CHEMBL55012	1
CHEMBL4564	CHEMBL56005	1
CHEMBL2363	CHEMBL7063	1
CHEMBL202	CHEMBL169376	1
CHEMBL1075051	CHEMBL1801203	1
CHEMBL2363	CHEMBL56170	1
CHEMBL2363	CHEMBL6975	1
CHEMBL2363	CHEMBL34775	1
CHEMBL202	CHEMBL147131	1
CHEMBL2363	CHEMBL268870	1
CHEMBL202	CHEMBL162476	1
CHEMBL2363	CHEMBL279680	1
CHEMBL2363	CHEMBL30938	1
CHEMBL2363	CHEMBL23211	1
CHEMBL2363	CHEMBL6841	1
CHEMBL4564	CHEMBL171757	1
CHEMBL2363	CHEMBL54618	1
CHEMBL202	CHEMBL1818116	1
CHEMBL202	CHEMBL1818112	1
CHEMBL2363	CHEMBL102996	1
CHEMBL202	CHEMBL170758	1
CHEMBL2363	CHEMBL121433	1
CHEMBL2363	CHEMBL102418	1
CHEMBL2363	CHEMBL6772	1
CHEMBL202	CHEMBL398416	1
CHEMBL2363	CHEMBL157652	1
CHEMBL202	CHEMBL1818125	1
CHEMBL202	CHEMBL1818123	1
CHEMBL202	CHEMBL1818117	1
CHEMBL202	CHEMBL1818114	1
CHEMBL202	CHEMBL1738740	1
CHEMBL202	CHEMBL388879	1
CHEMBL4564	CHEMBL283262	1
CHEMBL2363	CHEMBL105526	1
CHEMBL202	CHEMBL4062046	1
CHEMBL2363	CHEMBL310807	1
CHEMBL2363	CHEMBL269235	1
CHEMBL2363	CHEMBL355093	1
CHEMBL202	CHEMBL301030	1
CHEMBL2363	CHEMBL190650	1
CHEMBL2363	CHEMBL54792	1
CHEMBL202	CHEMBL224946	1
CHEMBL2363	CHEMBL7542	1
CHEMBL202	CHEMBL33697	1
CHEMBL2363	CHEMBL328897	1
CHEMBL2363	CHEMBL435479	1
CHEMBL202	CHEMBL156551	1
CHEMBL2363	CHEMBL89528	1
CHEMBL202	CHEMBL556091	1
CHEMBL202	CHEMBL560912	1
CHEMBL4564	CHEMBL441418	1
CHEMBL1075051	CHEMBL3115736	1
CHEMBL202	CHEMBL171629	1
CHEMBL2363	CHEMBL3244850	1
CHEMBL202	CHEMBL338742	1
CHEMBL202	CHEMBL148814	1
CHEMBL202	CHEMBL1824771	1
CHEMBL2363	CHEMBL347223	1
CHEMBL202	CHEMBL3686067	1
CHEMBL202	CHEMBL38053	1
CHEMBL202	CHEMBL345258	1
CHEMBL2363	CHEMBL53872	1
CHEMBL202	CHEMBL3128014	1
CHEMBL2363	CHEMBL103558	1
CHEMBL2363	CHEMBL102447	1
CHEMBL2363	CHEMBL7176	1
CHEMBL202	CHEMBL522363	1
CHEMBL202	CHEMBL2335420	1
CHEMBL202	CHEMBL2261434	1
CHEMBL2363	CHEMBL3244848	1
CHEMBL2363	CHEMBL521672	1
CHEMBL202	CHEMBL3234317	1
CHEMBL2363	CHEMBL119161	1
CHEMBL2363	CHEMBL3244853	1
CHEMBL2363	CHEMBL337603	1
CHEMBL202	CHEMBL1824773	1
CHEMBL202	CHEMBL1818120	1
CHEMBL202	CHEMBL35921	1
CHEMBL2363	CHEMBL187570	1
CHEMBL202	CHEMBL582843	1
CHEMBL1075051	CHEMBL157904	1
CHEMBL2363	CHEMBL7170	1
CHEMBL202	CHEMBL147504	1
CHEMBL2363	CHEMBL268089	1
CHEMBL2363	CHEMBL6979	1
CHEMBL2363	CHEMBL7375	1
CHEMBL202	CHEMBL6666	1
CHEMBL1075051	CHEMBL4079804	1
CHEMBL202	CHEMBL1824770	1
CHEMBL202	CHEMBL3128017	1
CHEMBL2363	CHEMBL81493	1
CHEMBL2363	CHEMBL268355	1
CHEMBL2363	CHEMBL141160	1
CHEMBL2363	CHEMBL138265	1
CHEMBL202	CHEMBL345708	1
CHEMBL202	CHEMBL147256	1
CHEMBL2363	CHEMBL282948	1
CHEMBL202	CHEMBL252132	1
CHEMBL1075051	CHEMBL4068075	1
CHEMBL1075051	CHEMBL4064342	1
CHEMBL1075051	CHEMBL4085881	1
CHEMBL2363	CHEMBL359454	1
CHEMBL202	CHEMBL42819	1
CHEMBL2363	CHEMBL414017	1
CHEMBL2363	CHEMBL7134	1
CHEMBL202	CHEMBL3234115	1
CHEMBL202	CHEMBL354249	1
CHEMBL202	CHEMBL73267	1
CHEMBL202	CHEMBL326989	1
CHEMBL202	CHEMBL3746201	1
CHEMBL202	CHEMBL355151	1
CHEMBL202	CHEMBL574335	1
CHEMBL202	CHEMBL349572	1
CHEMBL202	CHEMBL7130	1
CHEMBL202	CHEMBL20587	1
CHEMBL202	CHEMBL2335422	1
CHEMBL202	CHEMBL3681409	1
CHEMBL1075051	CHEMBL1801200	1
CHEMBL202	CHEMBL129788	1
CHEMBL1075051	CHEMBL1800940	1
CHEMBL202	CHEMBL1230365	1
CHEMBL202	CHEMBL3747446	1
CHEMBL1075051	CHEMBL3115733	1
CHEMBL202	CHEMBL3115730	1
CHEMBL202	CHEMBL3686069	1
CHEMBL2363	CHEMBL146438	1
CHEMBL202	CHEMBL168069	1
CHEMBL2363	CHEMBL190340	1
CHEMBL202	CHEMBL174414	1
CHEMBL2363	CHEMBL267207	1
CHEMBL202	CHEMBL138060	1
CHEMBL2363	CHEMBL476548	1
CHEMBL2363	CHEMBL190935	1
CHEMBL202	CHEMBL3681400	1
CHEMBL202	CHEMBL3681399	1
CHEMBL2363	CHEMBL7779	1
CHEMBL202	CHEMBL4552684	1
CHEMBL202	CHEMBL4458303	1
CHEMBL1075051	CHEMBL3115739	1
CHEMBL1075051	CHEMBL3115735	1
CHEMBL202	CHEMBL3686071	1
CHEMBL202	CHEMBL4081077	1
CHEMBL202	CHEMBL565179	1
CHEMBL202	CHEMBL578424	1
CHEMBL1075051	CHEMBL3947042	1
CHEMBL1075051	CHEMBL4067744	1
CHEMBL1075051	CHEMBL318228	1
CHEMBL202	CHEMBL3827532	1
CHEMBL202	CHEMBL19227	1
CHEMBL202	CHEMBL369258	1
CHEMBL4564	CHEMBL45572	1
CHEMBL4564	CHEMBL44693	1
CHEMBL2383	CHEMBL1946659	1
CHEMBL202	CHEMBL4060570	1
CHEMBL202	CHEMBL2153711	1
CHEMBL202	CHEMBL4453575	1
CHEMBL2363	CHEMBL476751	1
CHEMBL202	CHEMBL3219804	1
CHEMBL202	CHEMBL3234116	1
CHEMBL202	CHEMBL3234318	1
CHEMBL202	CHEMBL3681407	1
CHEMBL1075051	CHEMBL3929338	1
CHEMBL202	CHEMBL4080801	1
CHEMBL2363	CHEMBL2382327	1
CHEMBL202	CHEMBL4531384	1
CHEMBL2363	CHEMBL532231	1
CHEMBL202	CHEMBL3681410	1
CHEMBL202	CHEMBL3644522	1
CHEMBL1075051	CHEMBL1800937	1
CHEMBL1075051	CHEMBL1800939	1
CHEMBL1075051	CHEMBL1800942	1
CHEMBL202	CHEMBL3747216	1
CHEMBL2363	CHEMBL2382331	1
CHEMBL1075051	CHEMBL3914501	1
CHEMBL202	CHEMBL2382330	1
CHEMBL202	CHEMBL2382328	1
CHEMBL202	CHEMBL2261433	1
CHEMBL202	CHEMBL268088	1
CHEMBL202	CHEMBL526013	1
CHEMBL2363	CHEMBL461523	1
CHEMBL2363	CHEMBL3244832	1
CHEMBL2363	CHEMBL3244858	1
CHEMBL202	CHEMBL3234321	1
CHEMBL202	CHEMBL464504	1
CHEMBL202	CHEMBL4070144	1
CHEMBL202	CHEMBL1818118	1
CHEMBL202	CHEMBL4544130	1
CHEMBL202	CHEMBL1270533	1
CHEMBL202	CHEMBL3681401	1
CHEMBL202	CHEMBL6948	1
CHEMBL1075051	CHEMBL1801202	1
CHEMBL202	CHEMBL3828485	1
CHEMBL202	CHEMBL4444154	1
CHEMBL202	CHEMBL4226361	1
CHEMBL202	CHEMBL3746172	1
CHEMBL202	CHEMBL4088968	1
CHEMBL1075051	CHEMBL4064322	1
CHEMBL1075051	CHEMBL3936506	1
CHEMBL202	CHEMBL3681412	1
CHEMBL202	CHEMBL3681413	1
CHEMBL202	CHEMBL4071260	1
CHEMBL202	CHEMBL4098306	1
CHEMBL202	CHEMBL3681404	1
CHEMBL202	CHEMBL3681403	1
CHEMBL1075051	CHEMBL4076589	1
CHEMBL202	CHEMBL4098009	1
CHEMBL202	CHEMBL4090575	1
CHEMBL2363	CHEMBL3244861	1
CHEMBL202	CHEMBL1270439	1
CHEMBL1075051	CHEMBL4084009	1
CHEMBL202	CHEMBL3828291	1
CHEMBL202	CHEMBL3943671	1
Protein_X	CHEMBL344155	0
Protein_X	CHEMBL3752685	0
Protein_X	CHEMBL2029541	0
Protein_X	CHEMBL114878	0
Protein_X	CHEMBL276052	0
Protein_X	CHEMBL4170932	0
Protein_X	CHEMBL1078454	0
Protein_X	CHEMBL1997659	0
Protein_X	CHEMBL260628	0
Protein_X	CHEMBL1467925	0
Protein_X	CHEMBL4579366	0
Protein_X	CHEMBL184883	0
Protein_X	CHEMBL3188921	0
Protein_X	CHEMBL3647661	0
Protein_X	CHEMBL3099874	0
Protein_X	CHEMBL3906294	0
Protein_X	CHEMBL3622877	0
Protein_X	CHEMBL4076840	0
Protein_X	CHEMBL1559734	0
Protein_X	CHEMBL414162	0
Protein_X	CHEMBL2431032	0
Protein_X	CHEMBL3617384	0
Protein_X	CHEMBL1744053	0
Protein_X	CHEMBL3695745	0
Protein_X	CHEMBL3360311	0
Protein_X	CHEMBL1495376	0
Protein_X	CHEMBL1240791	0
Protein_X	CHEMBL3218824	0
Protein_X	CHEMBL539557	0
Protein_X	CHEMBL1359782	0
Protein_X	CHEMBL1492174	0
Protein_X	CHEMBL4207065	0
Protein_X	CHEMBL4115583	0
Protein_X	CHEMBL32768	0
Protein_X	CHEMBL3683900	0
Protein_X	CHEMBL2159364	0
Protein_X	CHEMBL4293323	0
Protein_X	CHEMBL4516987	0
Protein_X	CHEMBL2385560	0
Protein_X	CHEMBL1762684	0
Protein_X	CHEMBL36960	0
Protein_X	CHEMBL1836819	0
Protein_X	CHEMBL33101	0
Protein_X	CHEMBL63860	0
Protein_X	CHEMBL4571057	0
Protein_X	CHEMBL130373	0
Protein_X	CHEMBL17422	0
Protein_X	CHEMBL540558	0
Protein_X	CHEMBL4574590	0
Protein_X	CHEMBL316609	0
Protein_X	CHEMBL3901543	0
Protein_X	CHEMBL3786528	0
Protein_X	CHEMBL416041	0
Protein_X	CHEMBL264636	0
Protein_X	CHEMBL90730	0
Protein_X	CHEMBL3780030	0
Protein_X	CHEMBL314398	0
Protein_X	CHEMBL2069834	0
Protein_X	CHEMBL3676254	0
Protein_X	CHEMBL88487	0
Protein_X	CHEMBL1824549	0
Protein_X	CHEMBL63907	0
Protein_X	CHEMBL3676239	0
Protein_X	CHEMBL3196437	0
Protein_X	CHEMBL3087876	0
Protein_X	CHEMBL4445890	0
Protein_X	CHEMBL1427000	0
Protein_X	CHEMBL1938493	0
Protein_X	CHEMBL39521	0
Protein_X	CHEMBL1080975	0
Protein_X	CHEMBL166951	0
Protein_X	CHEMBL325768	0
Protein_X	CHEMBL299541	0
Protein_X	CHEMBL86153	0
Protein_X	CHEMBL378910	0
Protein_X	CHEMBL172588	0
Protein_X	CHEMBL3953085	0
Protein_X	CHEMBL1486090	0
Protein_X	CHEMBL376695	0
Protein_X	CHEMBL1448837	0
Protein_X	CHEMBL4250143	0
Protein_X	CHEMBL4094108	0
Protein_X	CHEMBL209264	0
Protein_X	CHEMBL2372341	0
Protein_X	CHEMBL3647475	0
Protein_X	CHEMBL4227361	0
Protein_X	CHEMBL3360063	0
Protein_X	CHEMBL1338533	0
Protein_X	CHEMBL3416702	0
Protein_X	CHEMBL3667351	0
Protein_X	CHEMBL2040984	0
Protein_X	CHEMBL1510930	0
Protein_X	CHEMBL406405	0
Protein_X	CHEMBL371426	0
Protein_X	CHEMBL3890946	0
Protein_X	CHEMBL371371	0
Protein_X	CHEMBL570290	0
Protein_X	CHEMBL50689	0
Protein_X	CHEMBL1651801	0
Protein_X	CHEMBL4104027	0
Protein_X	CHEMBL539350	0
Protein_X	CHEMBL1503659	0
Protein_X	CHEMBL3318938	0
Protein_X	CHEMBL300708	0
Protein_X	CHEMBL4278303	0
Protein_X	CHEMBL3410571	0
Protein_X	CHEMBL101448	0
Protein_X	CHEMBL26490	0
Protein_X	CHEMBL195096	0
Protein_X	CHEMBL4633416	0
Protein_X	CHEMBL512468	0
Protein_X	CHEMBL2152247	0
Protein_X	CHEMBL455453	0
Protein_X	CHEMBL3805064	0
Protein_X	CHEMBL1301488	0
Protein_X	CHEMBL1523485	0
Protein_X	CHEMBL198858	0
Protein_X	CHEMBL29469	0
Protein_X	CHEMBL1504866	0
Protein_X	CHEMBL576321	0
Protein_X	CHEMBL606109	0
Protein_X	CHEMBL199315	0
Protein_X	CHEMBL1780067	0
Protein_X	CHEMBL2391881	0
Protein_X	CHEMBL3653359	0
Protein_X	CHEMBL3360758	0
Protein_X	CHEMBL3884514	0
Protein_X	CHEMBL78028	0
Protein_X	CHEMBL333958	0
Protein_X	CHEMBL254718	0
Protein_X	CHEMBL3947059	0
Protein_X	CHEMBL2437179	0
Protein_X	CHEMBL68162	0
Protein_X	CHEMBL313229	0
Protein_X	CHEMBL1946748	0
Protein_X	CHEMBL1778071	0
Protein_X	CHEMBL482561	0
Protein_X	CHEMBL3087459	0
Protein_X	CHEMBL1550748	0
Protein_X	CHEMBL1512740	0
Protein_X	CHEMBL1952408	0
Protein_X	CHEMBL337750	0
Protein_X	CHEMBL1453372	0
Protein_X	CHEMBL116955	0
Protein_X	CHEMBL4108243	0
Protein_X	CHEMBL3805984	0
Protein_X	CHEMBL2408739	0
Protein_X	CHEMBL456006	0
Protein_X	CHEMBL1580441	0
Protein_X	CHEMBL581498	0
Protein_X	CHEMBL2206340	0
Protein_X	CHEMBL1221454	0
Protein_X	CHEMBL3984534	0
Protein_X	CHEMBL3677183	0
Protein_X	CHEMBL43113	0
Protein_X	CHEMBL1926857	0
Protein_X	CHEMBL124809	0
Protein_X	CHEMBL1571058	0
Protein_X	CHEMBL3673734	0
Protein_X	CHEMBL24874	0
Protein_X	CHEMBL1430889	0
Protein_X	CHEMBL446710	0
Protein_X	CHEMBL4246286	0
Protein_X	CHEMBL2311113	0
Protein_X	CHEMBL1607970	0
Protein_X	CHEMBL72310	0
Protein_X	CHEMBL4642399	0
Protein_X	CHEMBL2419088	0
Protein_X	CHEMBL1982202	0
Protein_X	CHEMBL4567577	0
Protein_X	CHEMBL3671248	0
Protein_X	CHEMBL4442335	0
Protein_X	CHEMBL1835424	0
Protein_X	CHEMBL1164874	0
Protein_X	CHEMBL3314087	0
Protein_X	CHEMBL3234772	0
Protein_X	CHEMBL1368771	0
Protein_X	CHEMBL3199861	0
Protein_X	CHEMBL1916648	0
Protein_X	CHEMBL1289755	0
Protein_X	CHEMBL3982049	0
Protein_X	CHEMBL3109989	0
Protein_X	CHEMBL3703285	0
Protein_X	CHEMBL3207539	0
Protein_X	CHEMBL4466335	0
Protein_X	CHEMBL1438907	0
Protein_X	CHEMBL3655333	0
Protein_X	CHEMBL4204176	0
Protein_X	CHEMBL1713178	0
Protein_X	CHEMBL3104614	0
Protein_X	CHEMBL2396721	0
Protein_X	CHEMBL3585450	0
Protein_X	CHEMBL595704	0
Protein_X	CHEMBL3953900	0
Protein_X	CHEMBL187043	0
Protein_X	CHEMBL314330	0
Protein_X	CHEMBL2332163	0
Protein_X	CHEMBL220282	0
Protein_X	CHEMBL2426195	0
Protein_X	CHEMBL1951607	0
Protein_X	CHEMBL3218212	0
Protein_X	CHEMBL1373957	0
Protein_X	CHEMBL370185	0
Protein_X	CHEMBL435907	0
Protein_X	CHEMBL3678825	0
Protein_X	CHEMBL4444297	0
Protein_X	CHEMBL4086273	0
Protein_X	CHEMBL4518450	0
Protein_X	CHEMBL3355687	0
Protein_X	CHEMBL1099167	0
Protein_X	CHEMBL144847	0
Protein_X	CHEMBL300921	0
Protein_X	CHEMBL329574	0
Protein_X	CHEMBL4094525	0
Protein_X	CHEMBL2152562	0
Protein_X	CHEMBL238013	0
Protein_X	CHEMBL212319	0
Protein_X	CHEMBL599622	0
Protein_X	CHEMBL1160624	0
Protein_X	CHEMBL3806101	0
Protein_X	CHEMBL518642	0
Protein_X	CHEMBL4646943	0
Protein_X	CHEMBL117888	0
Protein_X	CHEMBL4170175	0
Protein_X	CHEMBL3629474	0
Protein_X	CHEMBL4064074	0
Protein_X	CHEMBL1525485	0
Protein_X	CHEMBL492762	0
Protein_X	CHEMBL230474	0
Protein_X	CHEMBL353383	0
Protein_X	CHEMBL4091335	0
Protein_X	CHEMBL234143	0
Protein_X	CHEMBL1999161	0
Protein_X	CHEMBL31094	0
Protein_X	CHEMBL3973891	0
Protein_X	CHEMBL2443027	0
Protein_X	CHEMBL3924170	0
Protein_X	CHEMBL319047	0
Protein_X	CHEMBL3669920	0
Protein_X	CHEMBL1437349	0
Protein_X	CHEMBL4649426	0
Protein_X	CHEMBL450745	0
Protein_X	CHEMBL43065	0
Protein_X	CHEMBL1319648	0
Protein_X	CHEMBL1579667	0
Protein_X	CHEMBL3746086	0
Protein_X	CHEMBL3416705	0
Protein_X	CHEMBL93231	0
Protein_X	CHEMBL3604127	0
Protein_X	CHEMBL4649753	0
Protein_X	CHEMBL298685	0
Protein_X	CHEMBL29083	0
Protein_X	CHEMBL3675235	0
Protein_X	CHEMBL3393517	0
Protein_X	CHEMBL157299	0
Protein_X	CHEMBL2070657	0
Protein_X	CHEMBL4159772	0
Protein_X	CHEMBL3664930	0
Protein_X	CHEMBL4455566	0
Protein_X	CHEMBL4453084	0
Protein_X	CHEMBL369661	0
Protein_X	CHEMBL356348	0
Protein_X	CHEMBL3693317	0
Protein_X	CHEMBL255822	0
Protein_X	CHEMBL3818720	0
Protein_X	CHEMBL2042408	0
Protein_X	CHEMBL1514721	0
Protein_X	CHEMBL276360	0
Protein_X	CHEMBL26775	0
Protein_X	CHEMBL4072218	0
Protein_X	CHEMBL4565085	0
Protein_X	CHEMBL85756	0
Protein_X	CHEMBL3233486	0
Protein_X	CHEMBL2021529	0
Protein_X	CHEMBL1767017	0
Protein_X	CHEMBL1485713	0
Protein_X	CHEMBL3692625	0
Protein_X	CHEMBL204703	0
Protein_X	CHEMBL214654	0
Protein_X	CHEMBL2315510	0
Protein_X	CHEMBL211086	0
Protein_X	CHEMBL3394338	0
Protein_X	CHEMBL4533113	0
Protein_X	CHEMBL4284873	0
Protein_X	CHEMBL4587362	0
Protein_X	CHEMBL1371955	0
Protein_X	CHEMBL389184	0
Protein_X	CHEMBL1257815	0
Protein_X	CHEMBL4084468	0
Protein_X	CHEMBL3216985	0
Protein_X	CHEMBL4216209	0
Protein_X	CHEMBL1083923	0
Protein_X	CHEMBL347148	0
Protein_X	CHEMBL404598	0
Protein_X	CHEMBL45687	0
Protein_X	CHEMBL3360059	0
Protein_X	CHEMBL1312189	0
Protein_X	CHEMBL360200	0
Protein_X	CHEMBL422584	0
Protein_X	CHEMBL2047314	0
Protein_X	CHEMBL1915751	0
Protein_X	CHEMBL4074310	0
Protein_X	CHEMBL3914892	0
Protein_X	CHEMBL3670306	0
Protein_X	CHEMBL1403127	0
Protein_X	CHEMBL3963747	0
Protein_X	CHEMBL1241120	0
Protein_X	CHEMBL1348119	0
Protein_X	CHEMBL50961	0
Protein_X	CHEMBL328867	0
Protein_X	CHEMBL1566153	0
Protein_X	CHEMBL3966267	0
Protein_X	CHEMBL2315327	0
Protein_X	CHEMBL4128621	0
Protein_X	CHEMBL57610	0
Protein_X	CHEMBL1083367	0
Protein_X	CHEMBL4475211	0
Protein_X	CHEMBL4087381	0
Protein_X	CHEMBL4443988	0
Protein_X	CHEMBL243303	0
Protein_X	CHEMBL3262100	0
Protein_X	CHEMBL475662	0
Protein_X	CHEMBL3628593	0
Protein_X	CHEMBL4176593	0
Protein_X	CHEMBL3398247	0
Protein_X	CHEMBL408143	0
Protein_X	CHEMBL1524439	0
Protein_X	CHEMBL322807	0
Protein_X	CHEMBL382860	0
Protein_X	CHEMBL1257080	0
Protein_X	CHEMBL3656924	0
Protein_X	CHEMBL3806027	0
Protein_X	CHEMBL4169912	0
Protein_X	CHEMBL2147983	0
Protein_X	CHEMBL1766019	0
Protein_X	CHEMBL4083153	0
Protein_X	CHEMBL514534	0
Protein_X	CHEMBL1094563	0
Protein_X	CHEMBL316899	0
Protein_X	CHEMBL2182011	0
Protein_X	CHEMBL3331566	0
Protein_X	CHEMBL3091523	0
Protein_X	CHEMBL4572109	0
Protein_X	CHEMBL3355737	0
Protein_X	CHEMBL321729	0
Protein_X	CHEMBL448868	0
Protein_X	CHEMBL4070031	0
Protein_X	CHEMBL3394681	0
Protein_X	CHEMBL1171636	0
Protein_X	CHEMBL3651510	0
Protein_X	CHEMBL1935292	0
Protein_X	CHEMBL252860	0
Protein_X	CHEMBL104555	0
Protein_X	CHEMBL3338950	0
Protein_X	CHEMBL4640688	0
Protein_X	CHEMBL2334688	0
Protein_X	CHEMBL2369718	0
Protein_X	CHEMBL89139	0
Protein_X	CHEMBL261953	0
Protein_X	CHEMBL1511286	0
Protein_X	CHEMBL68220	0
Protein_X	CHEMBL3964205	0
Protein_X	CHEMBL2011990	0
Protein_X	CHEMBL4060344	0
Protein_X	CHEMBL4078371	0
Protein_X	CHEMBL26104	0
Protein_X	CHEMBL1599272	0
Protein_X	CHEMBL3426984	0
Protein_X	CHEMBL417200	0
Protein_X	CHEMBL1915758	0
Protein_X	CHEMBL3913329	0
Protein_X	CHEMBL207184	0
Protein_X	CHEMBL297835	0
Protein_X	CHEMBL3622796	0
Protein_X	CHEMBL3688211	0
Protein_X	CHEMBL479976	0
Protein_X	CHEMBL3908914	0
Protein_X	CHEMBL3786862	0
Protein_X	CHEMBL1669037	0
Protein_X	CHEMBL1425839	0
Protein_X	CHEMBL3906761	0
Protein_X	CHEMBL1782883	0
Protein_X	CHEMBL3658481	0
Protein_X	CHEMBL3946014	0
Protein_X	CHEMBL185163	0
Protein_X	CHEMBL3601558	0
Protein_X	CHEMBL4535654	0
Protein_X	CHEMBL370333	0
Protein_X	CHEMBL2070609	0
Protein_X	CHEMBL231751	0
Protein_X	CHEMBL1532659	0
Protein_X	CHEMBL3683814	0
Protein_X	CHEMBL1310832	0
Protein_X	CHEMBL583576	0
Protein_X	CHEMBL3038261	0
Protein_X	CHEMBL1381395	0
Protein_X	CHEMBL3693852	0
Protein_X	CHEMBL458026	0
Protein_X	CHEMBL4458126	0
Protein_X	CHEMBL3651148	0
Protein_X	CHEMBL33332	0
Protein_X	CHEMBL3754433	0
Protein_X	CHEMBL4213517	0
Protein_X	CHEMBL1502286	0
Protein_X	CHEMBL4216885	0
Protein_X	CHEMBL243254	0
Protein_X	CHEMBL294657	0
Protein_X	CHEMBL213759	0
Protein_X	CHEMBL371089	0
Protein_X	CHEMBL3288424	0
Protein_X	CHEMBL1509367	0
Protein_X	CHEMBL1649995	0
Protein_X	CHEMBL610855	0
Protein_X	CHEMBL3664944	0
Protein_X	CHEMBL1222301	0
Protein_X	CHEMBL1683561	0
Protein_X	CHEMBL4463403	0
Protein_X	CHEMBL3962717	0
Protein_X	CHEMBL1432227	0
Protein_X	CHEMBL3094134	0
Protein_X	CHEMBL3771110	0
Protein_X	CHEMBL400572	0
Protein_X	CHEMBL3194704	0
Protein_X	CHEMBL1093951	0
Protein_X	CHEMBL3674657	0
Protein_X	CHEMBL1956558	0
Protein_X	CHEMBL355314	0
Protein_X	CHEMBL1779990	0
Protein_X	CHEMBL4444321	0
Protein_X	CHEMBL3928885	0
Protein_X	CHEMBL378780	0
Protein_X	CHEMBL2387019	0
Protein_X	CHEMBL3397602	0
Protein_X	CHEMBL3786556	0
Protein_X	CHEMBL422135	0
Protein_X	CHEMBL147583	0
Protein_X	CHEMBL420070	0
Protein_X	CHEMBL2147057	0
Protein_X	CHEMBL81371	0
Protein_X	CHEMBL26651	0
Protein_X	CHEMBL3581173	0
Protein_X	CHEMBL280388	0
Protein_X	CHEMBL146222	0
Protein_X	CHEMBL3589965	0
Protein_X	CHEMBL1910121	0
Protein_X	CHEMBL588662	0
Protein_X	CHEMBL311469	0
Protein_X	CHEMBL1453782	0
Protein_X	CHEMBL305759	0
Protein_X	CHEMBL4073407	0
Protein_X	CHEMBL1761771	0
Protein_X	CHEMBL179793	0
Protein_X	CHEMBL2151686	0
Protein_X	CHEMBL3984034	0
Protein_X	CHEMBL282242	0
Protein_X	CHEMBL2111271	0
Protein_X	CHEMBL3290202	0
Protein_X	CHEMBL74689	0
Protein_X	CHEMBL62417	0
Protein_X	CHEMBL2376845	0
Protein_X	CHEMBL1812960	0
Protein_X	CHEMBL1089282	0
Protein_X	CHEMBL46761	0
Protein_X	CHEMBL219601	0
Protein_X	CHEMBL3144342	0
Protein_X	CHEMBL85128	0
Protein_X	CHEMBL1439549	0
Protein_X	CHEMBL4286928	0
Protein_X	CHEMBL555721	0
Protein_X	CHEMBL331871	0
Protein_X	CHEMBL1230692	0
Protein_X	CHEMBL1423935	0
Protein_X	CHEMBL1301285	0
Protein_X	CHEMBL4071496	0
Protein_X	CHEMBL4074173	0
Protein_X	CHEMBL243512	0
Protein_X	CHEMBL3415247	0
Protein_X	CHEMBL285778	0
Protein_X	CHEMBL8275	0
Protein_X	CHEMBL2385768	0
Protein_X	CHEMBL1480000	0
Protein_X	CHEMBL4514842	0
Protein_X	CHEMBL83437	0
Protein_X	CHEMBL3771237	0
Protein_X	CHEMBL2147936	0
Protein_X	CHEMBL3191402	0
Protein_X	CHEMBL4635480	0
Protein_X	CHEMBL1544764	0
Protein_X	CHEMBL1322044	0
Protein_X	CHEMBL330205	0
Protein_X	CHEMBL1404090	0
Protein_X	CHEMBL488226	0
Protein_X	CHEMBL3612354	0
Protein_X	CHEMBL3658399	0
Protein_X	CHEMBL3650333	0
Protein_X	CHEMBL3310027	0
Protein_X	CHEMBL4074568	0
Protein_X	CHEMBL3321887	0
Protein_X	CHEMBL1165715	0
Protein_X	CHEMBL2376226	0
Protein_X	CHEMBL1277622	0
Protein_X	CHEMBL1700767	0
Protein_X	CHEMBL214241	0
Protein_X	CHEMBL180181	0
Protein_X	CHEMBL2235951	0
Protein_X	CHEMBL3690210	0
Protein_X	CHEMBL318919	0
Protein_X	CHEMBL1399667	0
Protein_X	CHEMBL3661376	0
Protein_X	CHEMBL121729	0
Protein_X	CHEMBL285177	0
Protein_X	CHEMBL135563	0
Protein_X	CHEMBL1965786	0
Protein_X	CHEMBL44389	0
Protein_X	CHEMBL3664414	0
Protein_X	CHEMBL3682152	0
Protein_X	CHEMBL462689	0
Protein_X	CHEMBL1340745	0
Protein_X	CHEMBL3893492	0
Protein_X	CHEMBL4633254	0
Protein_X	CHEMBL15921	0
Protein_X	CHEMBL8496	0
Protein_X	CHEMBL4473127	0
Protein_X	CHEMBL66732	0
Protein_X	CHEMBL2138220	0
Protein_X	CHEMBL3959753	0
Protein_X	CHEMBL4442213	0
Protein_X	CHEMBL119171	0
Protein_X	CHEMBL4161223	0
Protein_X	CHEMBL1504851	0
Protein_X	CHEMBL4446904	0
Protein_X	CHEMBL376095	0
Protein_X	CHEMBL4542408	0
Protein_X	CHEMBL3746037	0
Protein_X	CHEMBL3764156	0
Protein_X	CHEMBL4460950	0
Protein_X	CHEMBL4533780	0
Protein_X	CHEMBL2057948	0
Protein_X	CHEMBL560490	0
Protein_X	CHEMBL3215936	0
Protein_X	CHEMBL289923	0
Protein_X	CHEMBL3664258	0
Protein_X	CHEMBL4285012	0
Protein_X	CHEMBL2418933	0
Protein_X	CHEMBL1554178	0
Protein_X	CHEMBL164	0
Protein_X	CHEMBL3670318	0
Protein_X	CHEMBL3344540	0
Protein_X	CHEMBL4175513	0
Protein_X	CHEMBL603077	0
Protein_X	CHEMBL3792897	0
Protein_X	CHEMBL202473	0
Protein_X	CHEMBL3192764	0
Protein_X	CHEMBL4526950	0
Protein_X	CHEMBL3942282	0
Protein_X	CHEMBL395018	0
Protein_X	CHEMBL1163433	0
Protein_X	CHEMBL3349395	0
Protein_X	CHEMBL3330464	0
Protein_X	CHEMBL3327329	0
Protein_X	CHEMBL4108003	0
Protein_X	CHEMBL3919017	0
Protein_X	CHEMBL3216060	0
Protein_X	CHEMBL4203893	0
Protein_X	CHEMBL402310	0
Protein_X	CHEMBL3952823	0
Protein_X	CHEMBL1095106	0
Protein_X	CHEMBL476945	0
Protein_X	CHEMBL2403779	0
Protein_X	CHEMBL253315	0
Protein_X	CHEMBL194496	0
Protein_X	CHEMBL3359077	0
Protein_X	CHEMBL257240	0
Protein_X	CHEMBL4299399	0
Protein_X	CHEMBL2312212	0
Protein_X	CHEMBL108632	0
Protein_X	CHEMBL3359104	0
Protein_X	CHEMBL4637315	0
Protein_X	CHEMBL2180660	0
Protein_X	CHEMBL3318522	0
Protein_X	CHEMBL255418	0
Protein_X	CHEMBL1521474	0
Protein_X	CHEMBL321597	0
Protein_X	CHEMBL3218160	0
Protein_X	CHEMBL3197471	0
Protein_X	CHEMBL3099618	0
Protein_X	CHEMBL138049	0
Protein_X	CHEMBL3238187	0
Protein_X	CHEMBL3580752	0
Protein_X	CHEMBL1160766	0
Protein_X	CHEMBL3683732	0
Protein_X	CHEMBL399332	0
Protein_X	CHEMBL78373	0
Protein_X	CHEMBL4295039	0
Protein_X	CHEMBL4163641	0
Protein_X	CHEMBL4206423	0
Protein_X	CHEMBL261094	0
Protein_X	CHEMBL4544938	0
Protein_X	CHEMBL1728910	0
Protein_X	CHEMBL3804861	0
Protein_X	CHEMBL22148	0
Protein_X	CHEMBL1370828	0
Protein_X	CHEMBL4451075	0
Protein_X	CHEMBL266768	0
Protein_X	CHEMBL3426977	0
Protein_X	CHEMBL342596	0
Protein_X	CHEMBL1333760	0
Protein_X	CHEMBL455310	0
Protein_X	CHEMBL3671210	0
Protein_X	CHEMBL4471248	0
Protein_X	CHEMBL4530897	0
Protein_X	CHEMBL99057	0
Protein_X	CHEMBL4557455	0
Protein_X	CHEMBL4514200	0
Protein_X	CHEMBL62232	0
Protein_X	CHEMBL4561281	0
Protein_X	CHEMBL4454377	0
Protein_X	CHEMBL1333542	0
Protein_X	CHEMBL1303412	0
Protein_X	CHEMBL3971940	0
Protein_X	CHEMBL1997827	0
Protein_X	CHEMBL4556657	0
Protein_X	CHEMBL269863	0
Protein_X	CHEMBL3392462	0
Protein_X	CHEMBL3360054	0
Protein_X	CHEMBL4441047	0
Protein_X	CHEMBL1232397	0
Protein_X	CHEMBL3212840	0
Protein_X	CHEMBL1484494	0
Protein_X	CHEMBL314277	0
Protein_X	CHEMBL4579949	0
Protein_X	CHEMBL23241	0
Protein_X	CHEMBL3600496	0
Protein_X	CHEMBL1414562	0
Protein_X	CHEMBL2169888	0
Protein_X	CHEMBL3734905	0
Protein_X	CHEMBL3654426	0
Protein_X	CHEMBL365904	0
Protein_X	CHEMBL1455014	0
Protein_X	CHEMBL3670927	0
Protein_X	CHEMBL1333529	0
Protein_X	CHEMBL4473505	0
Protein_X	CHEMBL181962	0
Protein_X	CHEMBL3681983	0
Protein_X	CHEMBL1995152	0
Protein_X	CHEMBL43288	0
Protein_X	CHEMBL1683138	0
Protein_X	CHEMBL3983878	0
Protein_X	CHEMBL2409315	0
Protein_X	CHEMBL95940	0
Protein_X	CHEMBL507759	0
Protein_X	CHEMBL4457965	0
Protein_X	CHEMBL8767	0
Protein_X	CHEMBL1222285	0
Protein_X	CHEMBL3958035	0
Protein_X	CHEMBL185621	0
Protein_X	CHEMBL4114939	0
Protein_X	CHEMBL1812553	0
Protein_X	CHEMBL1544633	0
Protein_X	CHEMBL3934341	0
Protein_X	CHEMBL316082	0
Protein_X	CHEMBL2431484	0
Protein_X	CHEMBL3359963	0
Protein_X	CHEMBL1230658	0
Protein_X	CHEMBL3693903	0
Protein_X	CHEMBL210058	0
Protein_X	CHEMBL3960934	0
Protein_X	CHEMBL1476798	0
Protein_X	CHEMBL1554772	0
Protein_X	CHEMBL3892558	0
Protein_X	CHEMBL3654220	0
Protein_X	CHEMBL3360666	0
Protein_X	CHEMBL2385820	0
Protein_X	CHEMBL2442782	0
Protein_X	CHEMBL100883	0
Protein_X	CHEMBL1258041	0
Protein_X	CHEMBL1524617	0